Categoria,Nome Famiglia,Nome Tipo,ID Elemento,Stato
OST_StructuralFoundation,ST_FON_PLT_Testata4Pali,ST_FON_PLT_Testata4Pali_3000x3000x1000mm,699381,1
OST_StructuralFoundation,ST_FON_PLT_Testata4Pali,ST_FON_PLT_Testata4Pali_3000x3000x1000mm,705223,1
OST_StructuralFoundation,ST_FON_PLT_Testata4Pali,ST_FON_PLT_Testata4Pali_3000x3000x1000mm,705235,1
OST_StructuralFoundation,ST_FON_PLT_Testata4Pali,ST_FON_PLT_Testata4Pali_3000x3000x1000mm,705247,1
OST_StructuralFoundation,ST_FON_PLT_Testata4Pali,ST_FON_PLT_Testata4Pali_3000x3000x1000mm,705259,1
OST_StructuralFoundation,ST_FON_PLT_Testata4Pali,ST_FON_PLT_Testata4Pali_3000x3000x1000mm,705273,1
OST_StructuralFoundation,ST_FON_PLT_Testata4Pali,ST_FON_PLT_Testata4Pali_3000x3000x1000mm,705287,1
OST_StructuralFoundation,ST_FON_PLT_Testata4Pali,ST_FON_PLT_Testata4Pali_3000x3000x1000mm,705299,1
OST_StructuralFoundation,ST_FON_PLT_Testata4Pali,ST_FON_PLT_Testata4Pali_3000x3000x1000mm,705311,1
OST_StructuralFoundation,ST_FON_PLT_Testata4Pali,ST_FON_PLT_Testata4Pali_3000x3000x1000mm,705335,1
OST_StructuralFoundation,ST_FON_PLT_Testata4Pali,ST_FON_PLT_Testata4Pali_3000x3000x1000mm,705363,1
OST_StructuralFoundation,ST_FON_PLT_Testata4Pali,ST_FON_PLT_Testata4Pali_3000x3000x1000mm,705375,1
OST_StructuralFoundation,ST_FON_PLT_Testata4Pali,ST_FON_PLT_Testata4Pali_3000x3000x1000mm,705411,1
OST_StructuralFoundation,ST_FON_PLT_Testata4Pali,ST_FON_PLT_Testata4Pali_3000x3000x1000mm,705425,1
OST_StructuralFoundation,ST_FON_PLT_Testata4Pali,ST_FON_PLT_Testata4Pali_3000x3000x1000mm,705437,1
OST_StructuralFoundation,ST_FON_PLT_Testata4Pali,ST_FON_PLT_Testata4Pali_3000x3000x1000mm,705449,1
OST_StructuralFoundation,ST_FON_PLT_Testata4Pali,ST_FON_PLT_Testata4Pali_3000x3000x1000mm,705461,1
OST_StructuralFoundation,ST_FON_PLT_Testata4Pali,ST_FON_PLT_Testata4Pali_3000x3000x1000mm,705518,1
OST_StructuralFoundation,ST_FON_PLT_Testata4Pali,ST_FON_PLT_Testata4Pali_3000x3000x1000mm,705532,1
OST_StructuralFoundation,ST_FON_PLT_Testata4Pali,ST_FON_PLT_Testata4Pali_3000x3000x1000mm,705544,1
OST_StructuralFoundation,ST_FON_PLT_Testata4Pali,ST_FON_PLT_Testata4Pali_3000x3000x1000mm,705556,1
OST_StructuralFoundation,ST_FON_PLT_Testata4Pali,ST_FON_PLT_Testata4Pali_3000x3000x1000mm,705568,1
OST_StructuralFoundation,ST_FON_PLT_Testata4Pali,ST_FON_PLT_Testata4Pali_3000x3000x1000mm,705580,1
OST_StructuralFoundation,ST_FON_PLT_Testata4Pali,ST_FON_PLT_Testata4Pali_3000x3000x1000mm,705592,1
OST_StructuralFoundation,ST_FON_PLT_Testata4Pali,ST_FON_PLT_Testata4Pali_3000x3000x1000mm,705606,1
OST_StructuralFoundation,ST_FON_PLT_Testata4Pali,ST_FON_PLT_Testata4Pali_3000x3000x1000mm,705618,1
OST_StructuralFoundation,ST_FON_PLT_Testata4Pali,ST_FON_PLT_Testata4Pali_3000x3000x1000mm,705650,1
OST_StructuralFoundation,ST_FON_PLT_Testata4Pali,ST_FON_PLT_Testata4Pali_3000x3000x1000mm,705662,1
OST_StructuralFoundation,ST_FON_PLT_Testata4Pali,ST_FON_PLT_Testata4Pali_3000x3000x1000mm,705676,1
OST_StructuralFoundation,ST_FON_PLT_Testata4Pali,ST_FON_PLT_Testata4Pali_3000x3000x1000mm,705688,1
OST_StructuralFoundation,ST_FON_PLT_Testata4Pali,ST_FON_PLT_Testata4Pali_3000x3000x1000mm,705700,1
OST_StructuralFoundation,ST_FON_PLT_Testata4Pali,ST_FON_PLT_Testata4Pali_3000x3000x1000mm,705712,1
OST_StructuralFoundation,ST_FON_PLT_Testata4Pali,ST_FON_PLT_Testata4Pali_3000x3000x1000mm,705724,1
OST_StructuralFoundation,ST_FON_PLT_Testata4Pali,ST_FON_PLT_Testata4Pali_3000x3000x1000mm,705736,1
OST_StructuralFoundation,ST_FON_PLT_Testata4Pali,ST_FON_PLT_Testata4Pali_3000x3000x1000mm,705762,1
OST_StructuralFoundation,ST_FON_PLT_Testata4Pali,ST_FON_PLT_Testata4Pali_3000x3000x1000mm,705800,1
OST_Doors,ST_POR_PRT_VarcoApertura,ST_POR_PRT_VarcoApertura_1405x2551mm,707085,1
OST_Doors,ST_POR_PRT_VarcoApertura,ST_POR_PRT_VarcoApertura_1405x2551mm,708617,1
OST_Doors,ST_POR_PRT_VarcoApertura,ST_POR_PRT_VarcoApertura_1405x2551mm,709561,1
OST_Doors,ST_POR_PRT_VarcoApertura,ST_POR_PRT_VarcoApertura_2400x2400mm,710294,1
OST_Doors,ST_POR_PRT_VarcoApertura,ST_POR_PRT_VarcoApertura_1405x2551mm,710295,1
OST_StructuralFraming,INC_TelST_TS.CA_FondazioneRettangolareMagrone,50x50,711556,1
OST_StructuralFraming,INC_TelST_TS.CA_FondazioneRettangolareMagrone,50x50,711814,1
OST_StructuralFraming,INC_TelST_TS.CA_FondazioneRettangolareMagrone,50x50,711891,1
OST_StructuralFraming,INC_TelST_TS.CA_FondazioneRettangolareMagrone,50x50,711903,1
OST_StructuralFraming,INC_TelST_TS.CA_FondazioneRettangolareMagrone,50x50,711914,1
OST_StructuralFraming,INC_TelST_TS.CA_FondazioneRettangolareMagrone,50x50,711925,1
OST_StructuralFraming,INC_TelST_TS.CA_FondazioneRettangolareMagrone,50x50,711936,1
OST_StructuralFraming,INC_TelST_TS.CA_FondazioneRettangolareMagrone,50x50,711947,1
OST_StructuralFraming,INC_TelST_TS.CA_FondazioneRettangolareMagrone,50x50,711958,1
OST_StructuralFraming,INC_TelST_TS.CA_FondazioneRettangolareMagrone,50x50,711969,1
OST_StructuralFraming,INC_TelST_TS.CA_FondazioneRettangolareMagrone,50x50,711980,1
OST_StructuralFraming,INC_TelST_TS.CA_FondazioneRettangolareMagrone,50x50,713107,1
OST_StructuralFraming,INC_TelST_TS.CA_FondazioneRettangolareMagrone,50x50,713415,1
OST_StructuralFraming,INC_TelST_TS.CA_FondazioneRettangolareMagrone,50x50,713485,1
OST_StructuralFraming,INC_TelST_TS.CA_FondazioneRettangolareMagrone,50x50,713614,1
OST_StructuralFraming,INC_TelST_TS.CA_Rettangolare,30x60,713771,1
OST_StructuralFraming,INC_TelST_TS.CA_FondazioneRettangolareMagrone,50x50,714449,1
OST_StructuralFraming,INC_TelST_TS.CA_FondazioneRettangolareMagrone,50x50,714474,1
OST_StructuralFraming,INC_TelST_TS.CA_FondazioneRettangolareMagrone,50x50,714501,1
OST_StructuralFraming,INC_TelST_TS.CA_FondazioneRettangolareMagrone,80x50,714546,1
OST_StructuralFraming,INC_TelST_TS.CA_FondazioneRettangolareMagrone,50x50,714574,1
OST_StructuralFraming,INC_TelST_TS.CA_FondazioneRettangolareMagrone,50x50,714612,1
OST_StructuralFraming,INC_TelST_TS.CA_FondazioneRettangolareMagrone,50x50,714816,1
OST_StructuralFraming,INC_TelST_TS.CA_Rettangolare,30x60,714894,1
OST_StructuralFraming,INC_TelST_TS.CA_Rettangolare,30x60,715200,1
OST_StructuralFraming,INC_TelST_TS.CA_FondazioneRettangolareMagrone,50x50,715426,1
OST_StructuralFraming,INC_TelST_TS.CA_FondazioneRettangolareMagrone,50x50,715529,1
OST_StructuralFraming,INC_TelST_TS.CA_FondazioneRettangolareMagrone,50x50,715583,1
OST_StructuralFraming,INC_TelST_TS.CA_FondazioneRettangolareMagrone,50x50,715593,1
OST_StructuralFraming,INC_TelST_TS.CA_FondazioneRettangolareMagrone,80x50,715599,1
OST_StructuralFraming,INC_TelST_TS.CA_FondazioneRettangolareMagrone,50x50,715609,1
OST_StructuralFraming,INC_TelST_TS.CA_FondazioneRettangolareMagrone,50x50,715617,1
OST_StructuralFraming,INC_TelST_TS.CA_FondazioneRettangolareMagrone,50x50,715623,1
OST_StructuralFraming,INC_TelST_TS.CA_FondazioneRettangolareMagrone,50x50,715629,1
OST_StructuralFraming,INC_TelST_TS.CA_Rettangolare,30x60,715831,1
OST_StructuralFraming,INC_TelST_TS.CA_FondazioneRettangolareMagrone,50x50,716849,1
OST_StructuralFraming,INC_TelST_TS.CA_MensolaInclinata,55x(44/20),721041,1
OST_StructuralFraming,INC_TelST_TS.CA_FondazioneRettangolareMagrone,50x50,725784,1
OST_StructuralFraming,INC_TelST_TS.CA_FondazioneRettangolareMagrone,50x50,726166,1
OST_StructuralFraming,INC_TelST_TS.CA_FondazioneRettangolareMagrone,50x50,726248,1
OST_StructuralFraming,INC_TelST_TS.CA_FondazioneRettangolareMagrone,50x50,726906,1
OST_StructuralFraming,INC_TelST_TS.CA_FondazioneRettangolareMagrone,50x50,726980,1
OST_StructuralFraming,INC_TelST_TS.CA_FondazioneRettangolareMagrone,50x50,727004,1
OST_StructuralFraming,INC_TelST_TS.CA_FondazioneRettangolareMagrone,50x50,727058,1
OST_StructuralFraming,INC_TelST_TS.CA_FondazioneRettangolareMagrone,50x50,727064,1
OST_StructuralFraming,INC_TelST_TS.CA_FondazioneRettangolareMagrone,50x50,727299,1
OST_StructuralFraming,INC_TelST_TS.CA_FondazioneRettangolareMagrone,50x50,727350,1
OST_StructuralFraming,INC_TelST_TS.CA_FondazioneRettangolareMagrone,50x50,727365,1
OST_StructuralFraming,INC_TelST_TS.CA_FondazioneRettangolareMagrone,50x50,727527,1
OST_StructuralFraming,INC_TelST_TS.CA_FondazioneRettangolareMagrone,50x50,727539,1
OST_StructuralFraming,INC_TelST_TS.CA_FondazioneRettangolareMagrone,50x50,727634,1
OST_StructuralFraming,INC_TelST_TS.CA_FondazioneRettangolareMagrone,50x50,727694,1
OST_StructuralFraming,INC_TelST_TS.CA_FondazioneRettangolareMagrone,50x50,727715,1
OST_StructuralFraming,INC_TelST_TS.CA_FondazioneRettangolareMagrone,50x50,727820,1
OST_StructuralFraming,INC_TelST_TS.CA_FondazioneRettangolareMagrone,50x50,727907,1
OST_StructuralFraming,INC_TelST_TS.CA_FondazioneRettangolareMagrone,50x50,728029,1
OST_StructuralFraming,INC_TelST_TS.CA_FondazioneRettangolareMagrone,50x50,728145,1
OST_StructuralFraming,INC_TelST_TS.CA_FondazioneRettangolareMagrone,50x50,728151,1
OST_StructuralFraming,INC_TelST_TS.CA_FondazioneRettangolareMagrone,50x50,728156,1
OST_StructuralFraming,INC_TelST_TS.CA_FondazioneRettangolareMagrone,50x50,728161,1
OST_StructuralFraming,INC_TelST_TS.CA_FondazioneRettangolareMagrone,50x50,728208,1
OST_StructuralFraming,INC_TelST_TS.CA_FondazioneRettangolareMagrone,50x50,728217,1
OST_StructuralFraming,INC_TelST_TS.CA_FondazioneRettangolareMagrone,50x50,728246,1
OST_StructuralFraming,INC_TelST_TS.CA_FondazioneRettangolareMagrone,50x50,728251,1
OST_StructuralFraming,INC_TelST_TS.CA_FondazioneRettangolareMagrone,50x50,728350,1
OST_StructuralFraming,INC_TelST_TS.CA_FondazioneRettangolareMagrone,50x50,728380,1
OST_StructuralFraming,INC_TelST_TS.CA_FondazioneRettangolareMagrone,50x50,728392,1
OST_StructuralFraming,INC_TelST_TS.CA_FondazioneRettangolareMagrone,50x50,728415,1
OST_StructuralFraming,INC_TelST_TS.CA_FondazioneRettangolareMagrone,50x50,728436,1
OST_StructuralFraming,INC_TelST_TS.CA_FondazioneRettangolareMagrone,50x50,728450,1
OST_StructuralFraming,INC_TelST_TS.CA_FondazioneRettangolareMagrone,50x50,728458,1
OST_StructuralFraming,INC_TelST_TS.CA_FondazioneRettangolareMagrone,50x50,728631,1
OST_StructuralFraming,INC_TelST_TS.CA_Rettangolare,30x60,734481,1
OST_StructuralFraming,INC_TelST_TS.CA_FondazioneRettangolareMagrone,100x50,735577,1
OST_StructuralFraming,INC_TelST_TS.CA_Rettangolare,40x60,736016,1
OST_StructuralFraming,INC_TelST_TS.CA_Rettangolare,30x60,736399,1
OST_StructuralFraming,INC_TelST_TS.CA_Rettangolare,30x60,736913,1
OST_StructuralFraming,INC_TelST_TS.CA_FondazioneRettangolareMagrone,100x50,737501,1
OST_Doors,ST_POR_PRT_VarcoApertura,ST_POR_PRT_VarcoApertura_1280x2320mm,738905,1
OST_Doors,ST_POR_PRT_VarcoApertura,ST_POR_PRT_VarcoApertura_1280x2320mm,739355,1
OST_Doors,ST_POR_PRT_VarcoApertura,ST_POR_PRT_VarcoApertura_1280x2320mm,740118,1
OST_Doors,ST_POR_PRT_VarcoApertura,ST_POR_PRT_VarcoApertura_1280x2320mm,740540,1
OST_StructuralFraming,INC_TelST_TS.CA_FondazioneRettangolareMagrone,50x50,741787,1
OST_Doors,ST_POR_PRT_VarcoApertura,ST_POR_PRT_VarcoApertura_1280x2320mm,749398,1
OST_Doors,ST_POR_PRT_VarcoApertura,ST_POR_PRT_VarcoApertura_1280x2320mm,749399,1
OST_Doors,ST_POR_PRT_VarcoApertura,ST_POR_PRT_VarcoApertura_1280x2320mm,749402,1
OST_Doors,ST_POR_PRT_VarcoApertura,ST_POR_PRT_VarcoApertura_1280x2320mm,749403,1
OST_Doors,ST_POR_PRT_VarcoApertura,ST_POR_PRT_VarcoApertura_1280x2320mm,749528,1
OST_Doors,ST_POR_PRT_VarcoApertura,ST_POR_PRT_VarcoApertura_1280x2320mm,749529,1
OST_Doors,ST_POR_PRT_VarcoApertura,ST_POR_PRT_VarcoApertura_1280x2320mm,749530,1
OST_Doors,ST_POR_PRT_VarcoApertura,ST_POR_PRT_VarcoApertura_1280x2320mm,749531,1
OST_StructuralFoundation,ST_FON_PLT_Testata4Pali,ST_FON_PLT_Testata4Pali_3000x3000x1000mm,752066,1
OST_StructuralFraming,INC_TelST_TS.CA_Rettangolare,25x138,767021,1
OST_StructuralFraming,INC_TelST_TS.CA_FondazioneTraveT,65x168(25x138),769895,1
OST_StructuralFraming,INC_TelST_TS.CA_FondazioneTraveT,65x168(25x138),771997,1
OST_StructuralFraming,INC_TelST_TS.CA_FondazioneTraveT,65x168(25x138),774056,1
OST_StructuralFraming,INC_TelST_TS.CA_FondazioneTraveT,65x168(25x138),774564,1
OST_StructuralFraming,INC_TelST_TS.CA_FondazioneTraveT,65x168(25x138),774980,1
OST_StructuralFraming,INC_TelST_TS.CA_FondazioneTraveT,65x168(25x138),795013,1
OST_StructuralFraming,INC_TelST_TS.CA_Rettangolare,25x138,795188,1
OST_StructuralFraming,INC_TelST_TS.CA_Rettangolare,25x138,797460,1
OST_StructuralFraming,INC_TelST_TS.CA_Rettangolare,25x138,799257,1
OST_StructuralFraming,INC_TelST_TS.CA_FondazioneTraveT,65x168(25x138),799269,1
OST_Doors,ST_POR_PRT_VarcoApertura,ST_POR_PRT_VarcoApertura_1280x2320mm,804194,1
OST_Doors,ST_POR_PRT_VarcoApertura,ST_POR_PRT_VarcoApertura_1405x2551mm,804283,1
OST_Doors,ST_POR_PRT_VarcoApertura,ST_POR_PRT_VarcoApertura_2400x2400mm,804353,1
OST_StructuralFraming,INC_TelST_TS.CA_MensolaInclinata,55x(44/20),806373,1
OST_Doors,ST_POR_PRT_VarcoApertura,ST_POR_PRT_VarcoApertura_2400x2400mm,806484,1
OST_Doors,ST_POR_PRT_VarcoApertura,ST_POR_PRT_VarcoApertura_1280x2320mm,807997,1
OST_Doors,ST_POR_PRT_VarcoApertura,ST_POR_PRT_VarcoApertura_2400x2400mm,808440,1
OST_StructuralFraming,INC_TelST_TS.CA_MensolaInclinata,55x(44/20),808666,1
OST_Doors,ST_POR_PRT_VarcoApertura,ST_POR_PRT_VarcoApertura_1280x2320mm,810038,1
OST_Doors,ST_POR_PRT_VarcoApertura,ST_POR_PRT_VarcoApertura_1280x2320mm,810935,1
OST_Doors,ST_POR_PRT_VarcoApertura,ST_POR_PRT_VarcoApertura_1405x2551mm,810997,1
OST_Doors,ST_POR_PRT_VarcoApertura,ST_POR_PRT_VarcoApertura_2400x2400mm,814668,1
OST_StructuralFraming,INC_TelST_TS.CA_MensolaInclinata,55x(44/20),815214,1
OST_StructuralFoundation,ST_FON_PLT_Testata28PaliT1T2,ST_FON_PLT_Testata28PaliT1T2_14400x6300x800mm,824791,1
OST_StructuralFoundation,ST_FON_PAL_PaloCalcestruzzo,ST_FON_PAL_PaloCalcestruzzo600mmL9500mm,824792,1
OST_StructuralFoundation,ST_FON_PAL_PaloCalcestruzzo,ST_FON_PAL_PaloCalcestruzzo600mmL9500mm,824793,1
OST_StructuralFoundation,ST_FON_PAL_PaloCalcestruzzo,ST_FON_PAL_PaloCalcestruzzo600mmL9500mm,824794,1
OST_StructuralFoundation,ST_FON_PAL_PaloCalcestruzzo,ST_FON_PAL_PaloCalcestruzzo600mmL9500mm,824795,1
OST_StructuralFoundation,ST_FON_PAL_PaloCalcestruzzo,ST_FON_PAL_PaloCalcestruzzo600mmL9500mm,824796,1
OST_StructuralFoundation,ST_FON_PAL_PaloCalcestruzzo,ST_FON_PAL_PaloCalcestruzzo600mmL9500mm,824797,1
OST_StructuralFoundation,ST_FON_PAL_PaloCalcestruzzo,ST_FON_PAL_PaloCalcestruzzo600mmL9500mm,824798,1
OST_StructuralFoundation,ST_FON_PAL_PaloCalcestruzzo,ST_FON_PAL_PaloCalcestruzzo600mmL9500mm,824799,1
OST_StructuralFoundation,ST_FON_PAL_PaloCalcestruzzo,ST_FON_PAL_PaloCalcestruzzo600mmL9500mm,824800,1
OST_StructuralFoundation,ST_FON_PAL_PaloCalcestruzzo,ST_FON_PAL_PaloCalcestruzzo600mmL9500mm,824801,1
OST_StructuralFoundation,ST_FON_PAL_PaloCalcestruzzo,ST_FON_PAL_PaloCalcestruzzo600mmL9500mm,824802,1
OST_StructuralFoundation,ST_FON_PAL_PaloCalcestruzzo,ST_FON_PAL_PaloCalcestruzzo600mmL9500mm,824803,1
OST_StructuralFoundation,ST_FON_PAL_PaloCalcestruzzo,ST_FON_PAL_PaloCalcestruzzo600mmL9500mm,824804,1
OST_StructuralFoundation,ST_FON_PAL_PaloCalcestruzzo,ST_FON_PAL_PaloCalcestruzzo600mmL9500mm,824805,1
OST_StructuralFoundation,ST_FON_PAL_PaloCalcestruzzo,ST_FON_PAL_PaloCalcestruzzo600mmL9500mm,824806,1
OST_StructuralFoundation,ST_FON_PAL_PaloCalcestruzzo,ST_FON_PAL_PaloCalcestruzzo600mmL9500mm,824807,1
OST_StructuralFoundation,ST_FON_PAL_PaloCalcestruzzo,ST_FON_PAL_PaloCalcestruzzo600mmL9500mm,824808,1
OST_StructuralFoundation,ST_FON_PAL_PaloCalcestruzzo,ST_FON_PAL_PaloCalcestruzzo600mmL9500mm,824809,1
OST_StructuralFoundation,ST_FON_PAL_PaloCalcestruzzo,ST_FON_PAL_PaloCalcestruzzo600mmL9500mm,824810,1
OST_StructuralFoundation,ST_FON_PAL_PaloCalcestruzzo,ST_FON_PAL_PaloCalcestruzzo600mmL9500mm,824811,1
OST_StructuralFoundation,ST_FON_PAL_PaloCalcestruzzo,ST_FON_PAL_PaloCalcestruzzo600mmL9500mm,824812,1
OST_StructuralFoundation,ST_FON_PAL_PaloCalcestruzzo,ST_FON_PAL_PaloCalcestruzzo600mmL9500mm,824813,1
OST_StructuralFoundation,ST_FON_PAL_PaloCalcestruzzo,ST_FON_PAL_PaloCalcestruzzo600mmL9500mm,824814,1
OST_StructuralFoundation,ST_FON_PAL_PaloCalcestruzzo,ST_FON_PAL_PaloCalcestruzzo600mmL9500mm,824815,1
OST_StructuralFoundation,ST_FON_PAL_PaloCalcestruzzo,ST_FON_PAL_PaloCalcestruzzo600mmL9500mm,824816,1
OST_StructuralFoundation,ST_FON_PAL_PaloCalcestruzzo,ST_FON_PAL_PaloCalcestruzzo600mmL9500mm,824817,1
OST_StructuralFoundation,ST_FON_PAL_PaloCalcestruzzo,ST_FON_PAL_PaloCalcestruzzo600mmL9500mm,824818,1
OST_StructuralFoundation,ST_FON_PAL_PaloCalcestruzzo,ST_FON_PAL_PaloCalcestruzzo600mmL9500mm,824819,1
OST_StructuralFoundation,ST_FON_PLT_Testata28PaliT1T2,ST_FON_PLT_Testata28PaliT1T2_14400x6300x800mm,825286,1
OST_StructuralFoundation,ST_FON_PAL_PaloCalcestruzzo,ST_FON_PAL_PaloCalcestruzzo600mmL9500mm,825287,1
OST_StructuralFoundation,ST_FON_PAL_PaloCalcestruzzo,ST_FON_PAL_PaloCalcestruzzo600mmL9500mm,825288,1
OST_StructuralFoundation,ST_FON_PAL_PaloCalcestruzzo,ST_FON_PAL_PaloCalcestruzzo600mmL9500mm,825289,1
OST_StructuralFoundation,ST_FON_PAL_PaloCalcestruzzo,ST_FON_PAL_PaloCalcestruzzo600mmL9500mm,825290,1
OST_StructuralFoundation,ST_FON_PAL_PaloCalcestruzzo,ST_FON_PAL_PaloCalcestruzzo600mmL9500mm,825291,1
OST_StructuralFoundation,ST_FON_PAL_PaloCalcestruzzo,ST_FON_PAL_PaloCalcestruzzo600mmL9500mm,825292,1
OST_StructuralFoundation,ST_FON_PAL_PaloCalcestruzzo,ST_FON_PAL_PaloCalcestruzzo600mmL9500mm,825293,1
OST_StructuralFoundation,ST_FON_PAL_PaloCalcestruzzo,ST_FON_PAL_PaloCalcestruzzo600mmL9500mm,825294,1
OST_StructuralFoundation,ST_FON_PAL_PaloCalcestruzzo,ST_FON_PAL_PaloCalcestruzzo600mmL9500mm,825295,1
OST_StructuralFoundation,ST_FON_PAL_PaloCalcestruzzo,ST_FON_PAL_PaloCalcestruzzo600mmL9500mm,825296,1
OST_StructuralFoundation,ST_FON_PAL_PaloCalcestruzzo,ST_FON_PAL_PaloCalcestruzzo600mmL9500mm,825297,1
OST_StructuralFoundation,ST_FON_PAL_PaloCalcestruzzo,ST_FON_PAL_PaloCalcestruzzo600mmL9500mm,825298,1
OST_StructuralFoundation,ST_FON_PAL_PaloCalcestruzzo,ST_FON_PAL_PaloCalcestruzzo600mmL9500mm,825299,1
OST_StructuralFoundation,ST_FON_PAL_PaloCalcestruzzo,ST_FON_PAL_PaloCalcestruzzo600mmL9500mm,825300,1
OST_StructuralFoundation,ST_FON_PAL_PaloCalcestruzzo,ST_FON_PAL_PaloCalcestruzzo600mmL9500mm,825301,1
OST_StructuralFoundation,ST_FON_PAL_PaloCalcestruzzo,ST_FON_PAL_PaloCalcestruzzo600mmL9500mm,825302,1
OST_StructuralFoundation,ST_FON_PAL_PaloCalcestruzzo,ST_FON_PAL_PaloCalcestruzzo600mmL9500mm,825303,1
OST_StructuralFoundation,ST_FON_PAL_PaloCalcestruzzo,ST_FON_PAL_PaloCalcestruzzo600mmL9500mm,825304,1
OST_StructuralFoundation,ST_FON_PAL_PaloCalcestruzzo,ST_FON_PAL_PaloCalcestruzzo600mmL9500mm,825305,1
OST_StructuralFoundation,ST_FON_PAL_PaloCalcestruzzo,ST_FON_PAL_PaloCalcestruzzo600mmL9500mm,825306,1
OST_StructuralFoundation,ST_FON_PAL_PaloCalcestruzzo,ST_FON_PAL_PaloCalcestruzzo600mmL9500mm,825307,1
OST_StructuralFoundation,ST_FON_PAL_PaloCalcestruzzo,ST_FON_PAL_PaloCalcestruzzo600mmL9500mm,825308,1
OST_StructuralFoundation,ST_FON_PAL_PaloCalcestruzzo,ST_FON_PAL_PaloCalcestruzzo600mmL9500mm,825309,1
OST_StructuralFoundation,ST_FON_PAL_PaloCalcestruzzo,ST_FON_PAL_PaloCalcestruzzo600mmL9500mm,825310,1
OST_StructuralFoundation,ST_FON_PAL_PaloCalcestruzzo,ST_FON_PAL_PaloCalcestruzzo600mmL9500mm,825311,1
OST_StructuralFoundation,ST_FON_PAL_PaloCalcestruzzo,ST_FON_PAL_PaloCalcestruzzo600mmL9500mm,825312,1
OST_StructuralFoundation,ST_FON_PAL_PaloCalcestruzzo,ST_FON_PAL_PaloCalcestruzzo600mmL9500mm,825313,1
OST_StructuralFoundation,ST_FON_PAL_PaloCalcestruzzo,ST_FON_PAL_PaloCalcestruzzo600mmL9500mm,825314,1
OST_StructuralFoundation,ST_FON_PLT_Testata4Pali,ST_FON_PLT_Testata4Pali_3000x3000x1000mm,829728,1
OST_StructuralFoundation,ST_FON_PLT_Testata48PaliT3,ST_FON_PLT_Testata48PaliT3_14400x6300x800mm,829897,1
OST_StructuralFoundation,ST_FON_PAL_PaloCalcestruzzo,ST_FON_PAL_PaloCalcestruzzo600mmL12000mm,829898,1
OST_StructuralFoundation,ST_FON_PAL_PaloCalcestruzzo,ST_FON_PAL_PaloCalcestruzzo600mmL12000mm,829899,1
OST_StructuralFoundation,ST_FON_PAL_PaloCalcestruzzo,ST_FON_PAL_PaloCalcestruzzo600mmL12000mm,829900,1
OST_StructuralFoundation,ST_FON_PAL_PaloCalcestruzzo,ST_FON_PAL_PaloCalcestruzzo600mmL12000mm,829901,1
OST_StructuralFoundation,ST_FON_PAL_PaloCalcestruzzo,ST_FON_PAL_PaloCalcestruzzo600mmL12000mm,832082,1
OST_StructuralFoundation,ST_FON_PAL_PaloCalcestruzzo,ST_FON_PAL_PaloCalcestruzzo600mmL12000mm,832083,1
OST_StructuralFoundation,ST_FON_PAL_PaloCalcestruzzo,ST_FON_PAL_PaloCalcestruzzo600mmL12000mm,832084,1
OST_StructuralFoundation,ST_FON_PAL_PaloCalcestruzzo,ST_FON_PAL_PaloCalcestruzzo600mmL12000mm,832085,1
OST_StructuralFoundation,ST_FON_PAL_PaloCalcestruzzo,ST_FON_PAL_PaloCalcestruzzo600mmL12000mm,832086,1
OST_StructuralFoundation,ST_FON_PAL_PaloCalcestruzzo,ST_FON_PAL_PaloCalcestruzzo600mmL12000mm,832087,1
OST_StructuralFoundation,ST_FON_PAL_PaloCalcestruzzo,ST_FON_PAL_PaloCalcestruzzo600mmL12000mm,832088,1
OST_StructuralFoundation,ST_FON_PAL_PaloCalcestruzzo,ST_FON_PAL_PaloCalcestruzzo600mmL12000mm,832089,1
OST_StructuralFoundation,ST_FON_PAL_PaloCalcestruzzo,ST_FON_PAL_PaloCalcestruzzo600mmL12000mm,832090,1
OST_StructuralFoundation,ST_FON_PAL_PaloCalcestruzzo,ST_FON_PAL_PaloCalcestruzzo600mmL12000mm,832091,1
OST_StructuralFoundation,ST_FON_PAL_PaloCalcestruzzo,ST_FON_PAL_PaloCalcestruzzo600mmL12000mm,832092,1
OST_StructuralFoundation,ST_FON_PAL_PaloCalcestruzzo,ST_FON_PAL_PaloCalcestruzzo600mmL12000mm,832093,1
OST_StructuralFoundation,ST_FON_PAL_PaloCalcestruzzo,ST_FON_PAL_PaloCalcestruzzo600mmL12000mm,832094,1
OST_StructuralFoundation,ST_FON_PAL_PaloCalcestruzzo,ST_FON_PAL_PaloCalcestruzzo600mmL12000mm,832095,1
OST_StructuralFoundation,ST_FON_PAL_PaloCalcestruzzo,ST_FON_PAL_PaloCalcestruzzo600mmL12000mm,832096,1
OST_StructuralFoundation,ST_FON_PAL_PaloCalcestruzzo,ST_FON_PAL_PaloCalcestruzzo600mmL12000mm,832097,1
OST_StructuralFoundation,ST_FON_PAL_PaloCalcestruzzo,ST_FON_PAL_PaloCalcestruzzo600mmL12000mm,832098,1
OST_StructuralFoundation,ST_FON_PAL_PaloCalcestruzzo,ST_FON_PAL_PaloCalcestruzzo600mmL12000mm,832099,1
OST_StructuralFoundation,ST_FON_PAL_PaloCalcestruzzo,ST_FON_PAL_PaloCalcestruzzo600mmL12000mm,832100,1
OST_StructuralFoundation,ST_FON_PAL_PaloCalcestruzzo,ST_FON_PAL_PaloCalcestruzzo600mmL12000mm,832101,1
OST_StructuralFoundation,ST_FON_PAL_PaloCalcestruzzo,ST_FON_PAL_PaloCalcestruzzo600mmL12000mm,832102,1
OST_StructuralFoundation,ST_FON_PAL_PaloCalcestruzzo,ST_FON_PAL_PaloCalcestruzzo600mmL12000mm,832103,1
OST_StructuralFoundation,ST_FON_PAL_PaloCalcestruzzo,ST_FON_PAL_PaloCalcestruzzo600mmL12000mm,832104,1
OST_StructuralFoundation,ST_FON_PAL_PaloCalcestruzzo,ST_FON_PAL_PaloCalcestruzzo600mmL12000mm,832105,1
OST_StructuralFoundation,ST_FON_PAL_PaloCalcestruzzo,ST_FON_PAL_PaloCalcestruzzo600mmL12000mm,832106,1
OST_StructuralFoundation,ST_FON_PAL_PaloCalcestruzzo,ST_FON_PAL_PaloCalcestruzzo600mmL12000mm,832107,1
OST_StructuralFoundation,ST_FON_PAL_PaloCalcestruzzo,ST_FON_PAL_PaloCalcestruzzo600mmL12000mm,832108,1
OST_StructuralFoundation,ST_FON_PAL_PaloCalcestruzzo,ST_FON_PAL_PaloCalcestruzzo600mmL12000mm,832109,1
OST_StructuralFoundation,ST_FON_PAL_PaloCalcestruzzo,ST_FON_PAL_PaloCalcestruzzo600mmL12000mm,832110,1
OST_StructuralFoundation,ST_FON_PAL_PaloCalcestruzzo,ST_FON_PAL_PaloCalcestruzzo600mmL12000mm,832111,1
OST_StructuralFoundation,ST_FON_PAL_PaloCalcestruzzo,ST_FON_PAL_PaloCalcestruzzo600mmL12000mm,832112,1
OST_StructuralFoundation,ST_FON_PAL_PaloCalcestruzzo,ST_FON_PAL_PaloCalcestruzzo600mmL12000mm,832113,1
OST_StructuralFoundation,ST_FON_PAL_PaloCalcestruzzo,ST_FON_PAL_PaloCalcestruzzo600mmL12000mm,832114,1
OST_StructuralFoundation,ST_FON_PAL_PaloCalcestruzzo,ST_FON_PAL_PaloCalcestruzzo600mmL12000mm,832115,1
OST_StructuralFoundation,ST_FON_PAL_PaloCalcestruzzo,ST_FON_PAL_PaloCalcestruzzo600mmL12000mm,832116,1
OST_StructuralFoundation,ST_FON_PAL_PaloCalcestruzzo,ST_FON_PAL_PaloCalcestruzzo600mmL12000mm,832117,1
OST_StructuralFoundation,ST_FON_PAL_PaloCalcestruzzo,ST_FON_PAL_PaloCalcestruzzo600mmL12000mm,832118,1
OST_StructuralFoundation,ST_FON_PAL_PaloCalcestruzzo,ST_FON_PAL_PaloCalcestruzzo600mmL12000mm,832119,1
OST_StructuralFoundation,ST_FON_PAL_PaloCalcestruzzo,ST_FON_PAL_PaloCalcestruzzo600mmL12000mm,832120,1
OST_StructuralFoundation,ST_FON_PAL_PaloCalcestruzzo,ST_FON_PAL_PaloCalcestruzzo600mmL12000mm,832121,1
OST_StructuralFoundation,ST_FON_PAL_PaloCalcestruzzo,ST_FON_PAL_PaloCalcestruzzo600mmL12000mm,832122,1
OST_StructuralFoundation,ST_FON_PAL_PaloCalcestruzzo,ST_FON_PAL_PaloCalcestruzzo600mmL12000mm,832123,1
OST_StructuralFoundation,ST_FON_PAL_PaloCalcestruzzo,ST_FON_PAL_PaloCalcestruzzo600mmL12000mm,832124,1
OST_StructuralFoundation,ST_FON_PAL_PaloCalcestruzzo,ST_FON_PAL_PaloCalcestruzzo600mmL12000mm,832125,1
OST_StructuralFoundation,ST_FON_PLT_Testata36PaliT4,ST_FON_PLT_Testata36PaliT4_13550x10500x800mm,834142,1
OST_StructuralFoundation,ST_FON_PAL_PaloCalcestruzzo,ST_FON_PAL_PaloCalcestruzzo600mmL9500mm,834143,1
OST_StructuralFoundation,ST_FON_PAL_PaloCalcestruzzo,ST_FON_PAL_PaloCalcestruzzo600mmL9500mm,834144,1
OST_StructuralFoundation,ST_FON_PAL_PaloCalcestruzzo,ST_FON_PAL_PaloCalcestruzzo600mmL9500mm,834145,1
OST_StructuralFoundation,ST_FON_PAL_PaloCalcestruzzo,ST_FON_PAL_PaloCalcestruzzo600mmL9500mm,834146,1
OST_StructuralFoundation,ST_FON_PAL_PaloCalcestruzzo,ST_FON_PAL_PaloCalcestruzzo600mmL9500mm,834147,1
OST_StructuralFoundation,ST_FON_PAL_PaloCalcestruzzo,ST_FON_PAL_PaloCalcestruzzo600mmL9500mm,834148,1
OST_StructuralFoundation,ST_FON_PAL_PaloCalcestruzzo,ST_FON_PAL_PaloCalcestruzzo600mmL9500mm,834161,1
OST_StructuralFoundation,ST_FON_PAL_PaloCalcestruzzo,ST_FON_PAL_PaloCalcestruzzo600mmL9500mm,834162,1
OST_StructuralFoundation,ST_FON_PAL_PaloCalcestruzzo,ST_FON_PAL_PaloCalcestruzzo600mmL9500mm,834163,1
OST_StructuralFoundation,ST_FON_PAL_PaloCalcestruzzo,ST_FON_PAL_PaloCalcestruzzo600mmL9500mm,834164,1
OST_StructuralFoundation,ST_FON_PAL_PaloCalcestruzzo,ST_FON_PAL_PaloCalcestruzzo600mmL9500mm,834165,1
OST_StructuralFoundation,ST_FON_PAL_PaloCalcestruzzo,ST_FON_PAL_PaloCalcestruzzo600mmL9500mm,834166,1
OST_StructuralFoundation,ST_FON_PAL_PaloCalcestruzzo,ST_FON_PAL_PaloCalcestruzzo600mmL9500mm,834167,1
OST_StructuralFoundation,ST_FON_PAL_PaloCalcestruzzo,ST_FON_PAL_PaloCalcestruzzo600mmL9500mm,834168,1
OST_StructuralFoundation,ST_FON_PAL_PaloCalcestruzzo,ST_FON_PAL_PaloCalcestruzzo600mmL9500mm,834169,1
OST_StructuralFoundation,ST_FON_PAL_PaloCalcestruzzo,ST_FON_PAL_PaloCalcestruzzo600mmL9500mm,834170,1
OST_StructuralFoundation,ST_FON_PAL_PaloCalcestruzzo,ST_FON_PAL_PaloCalcestruzzo600mmL9500mm,834171,1
OST_StructuralFoundation,ST_FON_PAL_PaloCalcestruzzo,ST_FON_PAL_PaloCalcestruzzo600mmL9500mm,834172,1
OST_StructuralFoundation,ST_FON_PAL_PaloCalcestruzzo,ST_FON_PAL_PaloCalcestruzzo600mmL9500mm,834173,1
OST_StructuralFoundation,ST_FON_PAL_PaloCalcestruzzo,ST_FON_PAL_PaloCalcestruzzo600mmL9500mm,834174,1
OST_StructuralFoundation,ST_FON_PAL_PaloCalcestruzzo,ST_FON_PAL_PaloCalcestruzzo600mmL9500mm,834175,1
OST_StructuralFoundation,ST_FON_PAL_PaloCalcestruzzo,ST_FON_PAL_PaloCalcestruzzo600mmL9500mm,834176,1
OST_StructuralFoundation,ST_FON_PAL_PaloCalcestruzzo,ST_FON_PAL_PaloCalcestruzzo600mmL9500mm,834177,1
OST_StructuralFoundation,ST_FON_PAL_PaloCalcestruzzo,ST_FON_PAL_PaloCalcestruzzo600mmL9500mm,834178,1
OST_StructuralFoundation,ST_FON_PAL_PaloCalcestruzzo,ST_FON_PAL_PaloCalcestruzzo600mmL9500mm,834179,1
OST_StructuralFoundation,ST_FON_PAL_PaloCalcestruzzo,ST_FON_PAL_PaloCalcestruzzo600mmL9500mm,834180,1
OST_StructuralFoundation,ST_FON_PAL_PaloCalcestruzzo,ST_FON_PAL_PaloCalcestruzzo600mmL9500mm,834181,1
OST_StructuralFoundation,ST_FON_PAL_PaloCalcestruzzo,ST_FON_PAL_PaloCalcestruzzo600mmL9500mm,834182,1
OST_StructuralFoundation,ST_FON_PAL_PaloCalcestruzzo,ST_FON_PAL_PaloCalcestruzzo600mmL9500mm,834183,1
OST_StructuralFoundation,ST_FON_PAL_PaloCalcestruzzo,ST_FON_PAL_PaloCalcestruzzo600mmL9500mm,834184,1
OST_StructuralFoundation,ST_FON_PAL_PaloCalcestruzzo,ST_FON_PAL_PaloCalcestruzzo600mmL9500mm,834185,1
OST_StructuralFoundation,ST_FON_PAL_PaloCalcestruzzo,ST_FON_PAL_PaloCalcestruzzo600mmL9500mm,834186,1
OST_StructuralFoundation,ST_FON_PAL_PaloCalcestruzzo,ST_FON_PAL_PaloCalcestruzzo600mmL9500mm,834187,1
OST_StructuralFoundation,ST_FON_PAL_PaloCalcestruzzo,ST_FON_PAL_PaloCalcestruzzo600mmL9500mm,834188,1
OST_StructuralFoundation,ST_FON_PAL_PaloCalcestruzzo,ST_FON_PAL_PaloCalcestruzzo600mmL9500mm,834189,1
OST_StructuralFoundation,ST_FON_PAL_PaloCalcestruzzo,ST_FON_PAL_PaloCalcestruzzo600mmL9500mm,834190,1
OST_StructuralFoundation,ST_FON_PLT_Testata6Pali,ST_FON_PLT_Testata6Pali_5100x5100x1000mm,836947,1
OST_StructuralFoundation,ST_FON_PAL_PaloCalcestruzzo,ST_FON_PAL_PaloCalcestruzzo600mmL9500mm,843631,1
OST_StructuralFoundation,ST_FON_PAL_PaloCalcestruzzo,ST_FON_PAL_PaloCalcestruzzo600mmL9500mm,843632,1
OST_StructuralFoundation,ST_FON_PAL_PaloCalcestruzzo,ST_FON_PAL_PaloCalcestruzzo600mmL9500mm,843633,1
OST_StructuralFoundation,ST_FON_PAL_PaloCalcestruzzo,ST_FON_PAL_PaloCalcestruzzo600mmL9500mm,843634,1
OST_StructuralFoundation,ST_FON_PAL_PaloCalcestruzzo,ST_FON_PAL_PaloCalcestruzzo600mmL9500mm,843636,1
OST_StructuralFoundation,ST_FON_PAL_PaloCalcestruzzo,ST_FON_PAL_PaloCalcestruzzo600mmL9500mm,843637,1
OST_StructuralFoundation,ST_FON_PAL_PaloCalcestruzzo,ST_FON_PAL_PaloCalcestruzzo600mmL9500mm,843638,1
OST_StructuralFoundation,ST_FON_PAL_PaloCalcestruzzo,ST_FON_PAL_PaloCalcestruzzo600mmL9500mm,843639,1
OST_StructuralFoundation,ST_FON_PAL_PaloCalcestruzzo,ST_FON_PAL_PaloCalcestruzzo600mmL9500mm,843640,1
OST_StructuralFoundation,ST_FON_PAL_PaloCalcestruzzo,ST_FON_PAL_PaloCalcestruzzo600mmL9500mm,843641,1
OST_StructuralFoundation,ST_FON_PAL_PaloCalcestruzzo,ST_FON_PAL_PaloCalcestruzzo600mmL9500mm,843642,1
OST_StructuralFoundation,ST_FON_PAL_PaloCalcestruzzo,ST_FON_PAL_PaloCalcestruzzo600mmL9500mm,843643,1
OST_StructuralFoundation,ST_FON_PAL_PaloCalcestruzzo,ST_FON_PAL_PaloCalcestruzzo600mmL9500mm,843644,1
OST_StructuralFoundation,ST_FON_PAL_PaloCalcestruzzo,ST_FON_PAL_PaloCalcestruzzo600mmL9500mm,843645,1
OST_StructuralFoundation,ST_FON_PAL_PaloCalcestruzzo,ST_FON_PAL_PaloCalcestruzzo600mmL9500mm,843646,1
OST_StructuralFoundation,ST_FON_PAL_PaloCalcestruzzo,ST_FON_PAL_PaloCalcestruzzo600mmL9500mm,843647,1
OST_StructuralFoundation,ST_FON_PAL_PaloCalcestruzzo,ST_FON_PAL_PaloCalcestruzzo600mmL9500mm,843648,1
OST_StructuralFoundation,ST_FON_PAL_PaloCalcestruzzo,ST_FON_PAL_PaloCalcestruzzo600mmL9500mm,843649,1
OST_StructuralFoundation,ST_FON_PAL_PaloCalcestruzzo,ST_FON_PAL_PaloCalcestruzzo600mmL9500mm,843650,1
OST_StructuralFoundation,ST_FON_PAL_PaloCalcestruzzo,ST_FON_PAL_PaloCalcestruzzo600mmL9500mm,843651,1
OST_StructuralFoundation,ST_FON_PAL_PaloCalcestruzzo,ST_FON_PAL_PaloCalcestruzzo600mmL9500mm,843652,1
OST_StructuralFoundation,ST_FON_PAL_PaloCalcestruzzo,ST_FON_PAL_PaloCalcestruzzo600mmL9500mm,843653,1
OST_StructuralFoundation,ST_FON_PAL_PaloCalcestruzzo,ST_FON_PAL_PaloCalcestruzzo600mmL9500mm,843654,1
OST_StructuralFoundation,ST_FON_PAL_PaloCalcestruzzo,ST_FON_PAL_PaloCalcestruzzo600mmL9500mm,843655,1
OST_StructuralFoundation,ST_FON_PAL_PaloCalcestruzzo,ST_FON_PAL_PaloCalcestruzzo600mmL9500mm,843656,1
OST_StructuralFoundation,ST_FON_PAL_PaloCalcestruzzo,ST_FON_PAL_PaloCalcestruzzo600mmL9500mm,843657,1
OST_StructuralFoundation,ST_FON_PAL_PaloCalcestruzzo,ST_FON_PAL_PaloCalcestruzzo600mmL9500mm,843658,1
OST_StructuralFoundation,ST_FON_PAL_PaloCalcestruzzo,ST_FON_PAL_PaloCalcestruzzo600mmL9500mm,843659,1
OST_StructuralFoundation,ST_FON_PAL_PaloCalcestruzzo,ST_FON_PAL_PaloCalcestruzzo600mmL9500mm,843660,1
OST_StructuralFoundation,ST_FON_PAL_PaloCalcestruzzo,ST_FON_PAL_PaloCalcestruzzo600mmL9500mm,843661,1
OST_StructuralFoundation,ST_FON_PAL_PaloCalcestruzzo,ST_FON_PAL_PaloCalcestruzzo600mmL9500mm,843662,1
OST_StructuralFoundation,ST_FON_PAL_PaloCalcestruzzo,ST_FON_PAL_PaloCalcestruzzo600mmL9500mm,843663,1
OST_StructuralFoundation,ST_FON_PAL_PaloCalcestruzzo,ST_FON_PAL_PaloCalcestruzzo600mmL9500mm,843664,1
OST_StructuralFoundation,ST_FON_PAL_PaloCalcestruzzo,ST_FON_PAL_PaloCalcestruzzo600mmL9500mm,843665,1
OST_StructuralFoundation,ST_FON_PAL_PaloCalcestruzzo,ST_FON_PAL_PaloCalcestruzzo600mmL9500mm,843666,1
OST_StructuralFoundation,ST_FON_PAL_PaloCalcestruzzo,ST_FON_PAL_PaloCalcestruzzo600mmL9500mm,843667,1
OST_StructuralFoundation,ST_FON_PAL_PaloCalcestruzzo,ST_FON_PAL_PaloCalcestruzzo600mmL9500mm,843668,1
OST_StructuralFoundation,ST_FON_PAL_PaloCalcestruzzo,ST_FON_PAL_PaloCalcestruzzo600mmL9500mm,843669,1
OST_StructuralFoundation,ST_FON_PAL_PaloCalcestruzzo,ST_FON_PAL_PaloCalcestruzzo600mmL9500mm,843670,1
OST_StructuralFoundation,ST_FON_PAL_PaloCalcestruzzo,ST_FON_PAL_PaloCalcestruzzo600mmL9500mm,843671,1
OST_StructuralFoundation,ST_FON_PAL_PaloCalcestruzzo,ST_FON_PAL_PaloCalcestruzzo600mmL9500mm,843672,1
OST_StructuralFoundation,ST_FON_PAL_PaloCalcestruzzo,ST_FON_PAL_PaloCalcestruzzo600mmL9500mm,843673,1
OST_StructuralFoundation,ST_FON_PAL_PaloCalcestruzzo,ST_FON_PAL_PaloCalcestruzzo600mmL9500mm,843674,1
OST_StructuralFoundation,ST_FON_PAL_PaloCalcestruzzo,ST_FON_PAL_PaloCalcestruzzo600mmL9500mm,843675,1
OST_StructuralFoundation,ST_FON_PAL_PaloCalcestruzzo,ST_FON_PAL_PaloCalcestruzzo600mmL9500mm,843676,1
OST_StructuralFoundation,ST_FON_PAL_PaloCalcestruzzo,ST_FON_PAL_PaloCalcestruzzo600mmL9500mm,843677,1
OST_StructuralFoundation,ST_FON_PAL_PaloCalcestruzzo,ST_FON_PAL_PaloCalcestruzzo600mmL9500mm,843678,1
OST_StructuralFoundation,ST_FON_PAL_PaloCalcestruzzo,ST_FON_PAL_PaloCalcestruzzo600mmL9500mm,843679,1
OST_StructuralFoundation,ST_FON_PAL_PaloCalcestruzzo,ST_FON_PAL_PaloCalcestruzzo600mmL9500mm,843688,1
OST_StructuralFoundation,ST_FON_PAL_PaloCalcestruzzo,ST_FON_PAL_PaloCalcestruzzo600mmL9500mm,843689,1
OST_StructuralFoundation,ST_FON_PAL_PaloCalcestruzzo,ST_FON_PAL_PaloCalcestruzzo600mmL9500mm,843690,1
OST_StructuralFoundation,ST_FON_PAL_PaloCalcestruzzo,ST_FON_PAL_PaloCalcestruzzo600mmL9500mm,843691,1
OST_StructuralFoundation,ST_FON_PAL_PaloCalcestruzzo,ST_FON_PAL_PaloCalcestruzzo600mmL9500mm,843692,1
OST_StructuralFoundation,ST_FON_PAL_PaloCalcestruzzo,ST_FON_PAL_PaloCalcestruzzo600mmL9500mm,843693,1
OST_StructuralFoundation,ST_FON_PAL_PaloCalcestruzzo,ST_FON_PAL_PaloCalcestruzzo600mmL9500mm,843694,1
OST_StructuralFoundation,ST_FON_PAL_PaloCalcestruzzo,ST_FON_PAL_PaloCalcestruzzo600mmL9500mm,843695,1
OST_StructuralFoundation,ST_FON_PAL_PaloCalcestruzzo,ST_FON_PAL_PaloCalcestruzzo600mmL9500mm,843696,1
OST_StructuralFoundation,ST_FON_PAL_PaloCalcestruzzo,ST_FON_PAL_PaloCalcestruzzo600mmL9500mm,843697,1
OST_StructuralFoundation,ST_FON_PAL_PaloCalcestruzzo,ST_FON_PAL_PaloCalcestruzzo600mmL9500mm,843698,1
OST_StructuralFoundation,ST_FON_PAL_PaloCalcestruzzo,ST_FON_PAL_PaloCalcestruzzo600mmL9500mm,843699,1
OST_StructuralFoundation,ST_FON_PAL_PaloCalcestruzzo,ST_FON_PAL_PaloCalcestruzzo600mmL9500mm,843700,1
OST_StructuralFoundation,ST_FON_PAL_PaloCalcestruzzo,ST_FON_PAL_PaloCalcestruzzo600mmL9500mm,843701,1
OST_StructuralFoundation,ST_FON_PAL_PaloCalcestruzzo,ST_FON_PAL_PaloCalcestruzzo600mmL9500mm,843702,1
OST_StructuralFoundation,ST_FON_PAL_PaloCalcestruzzo,ST_FON_PAL_PaloCalcestruzzo600mmL9500mm,843703,1
OST_StructuralFoundation,ST_FON_PAL_PaloCalcestruzzo,ST_FON_PAL_PaloCalcestruzzo600mmL9500mm,843704,1
OST_StructuralFoundation,ST_FON_PAL_PaloCalcestruzzo,ST_FON_PAL_PaloCalcestruzzo600mmL9500mm,843705,1
OST_StructuralFoundation,ST_FON_PAL_PaloCalcestruzzo,ST_FON_PAL_PaloCalcestruzzo600mmL9500mm,843706,1
OST_StructuralFoundation,ST_FON_PAL_PaloCalcestruzzo,ST_FON_PAL_PaloCalcestruzzo600mmL9500mm,843707,1
OST_StructuralFoundation,ST_FON_PAL_PaloCalcestruzzo,ST_FON_PAL_PaloCalcestruzzo600mmL9500mm,843708,1
OST_StructuralFoundation,ST_FON_PAL_PaloCalcestruzzo,ST_FON_PAL_PaloCalcestruzzo600mmL9500mm,843709,1
OST_StructuralFoundation,ST_FON_PAL_PaloCalcestruzzo,ST_FON_PAL_PaloCalcestruzzo600mmL9500mm,843710,1
OST_StructuralFoundation,ST_FON_PAL_PaloCalcestruzzo,ST_FON_PAL_PaloCalcestruzzo600mmL9500mm,843711,1
OST_StructuralFoundation,ST_FON_PAL_PaloCalcestruzzo,ST_FON_PAL_PaloCalcestruzzo600mmL9500mm,843712,1
OST_StructuralFoundation,ST_FON_PAL_PaloCalcestruzzo,ST_FON_PAL_PaloCalcestruzzo600mmL9500mm,843713,1
OST_StructuralFoundation,ST_FON_PAL_PaloCalcestruzzo,ST_FON_PAL_PaloCalcestruzzo600mmL9500mm,843714,1
OST_StructuralFoundation,ST_FON_PAL_PaloCalcestruzzo,ST_FON_PAL_PaloCalcestruzzo600mmL9500mm,843715,1
OST_StructuralFoundation,ST_FON_PAL_PaloCalcestruzzo,ST_FON_PAL_PaloCalcestruzzo600mmL9500mm,843716,1
OST_StructuralFoundation,ST_FON_PAL_PaloCalcestruzzo,ST_FON_PAL_PaloCalcestruzzo600mmL9500mm,843717,1
OST_StructuralFoundation,ST_FON_PAL_PaloCalcestruzzo,ST_FON_PAL_PaloCalcestruzzo600mmL9500mm,843718,1
OST_StructuralFoundation,ST_FON_PAL_PaloCalcestruzzo,ST_FON_PAL_PaloCalcestruzzo600mmL9500mm,843719,1
OST_StructuralFoundation,ST_FON_PAL_PaloCalcestruzzo,ST_FON_PAL_PaloCalcestruzzo600mmL9500mm,843720,1
OST_StructuralFoundation,ST_FON_PAL_PaloCalcestruzzo,ST_FON_PAL_PaloCalcestruzzo600mmL9500mm,843721,1
OST_StructuralFoundation,ST_FON_PAL_PaloCalcestruzzo,ST_FON_PAL_PaloCalcestruzzo600mmL9500mm,843722,1
OST_StructuralFoundation,ST_FON_PAL_PaloCalcestruzzo,ST_FON_PAL_PaloCalcestruzzo600mmL9500mm,843723,1
OST_StructuralFoundation,ST_FON_PAL_PaloCalcestruzzo,ST_FON_PAL_PaloCalcestruzzo600mmL9500mm,843724,1
OST_StructuralFoundation,ST_FON_PAL_PaloCalcestruzzo,ST_FON_PAL_PaloCalcestruzzo600mmL9500mm,843725,1
OST_StructuralFoundation,ST_FON_PAL_PaloCalcestruzzo,ST_FON_PAL_PaloCalcestruzzo600mmL9500mm,843726,1
OST_StructuralFoundation,ST_FON_PAL_PaloCalcestruzzo,ST_FON_PAL_PaloCalcestruzzo600mmL9500mm,843727,1
OST_StructuralFoundation,ST_FON_PAL_PaloCalcestruzzo,ST_FON_PAL_PaloCalcestruzzo600mmL9500mm,843728,1
OST_StructuralFoundation,ST_FON_PAL_PaloCalcestruzzo,ST_FON_PAL_PaloCalcestruzzo600mmL9500mm,843729,1
OST_StructuralFoundation,ST_FON_PAL_PaloCalcestruzzo,ST_FON_PAL_PaloCalcestruzzo600mmL9500mm,843730,1
OST_StructuralFoundation,ST_FON_PAL_PaloCalcestruzzo,ST_FON_PAL_PaloCalcestruzzo600mmL9500mm,843731,1
OST_StructuralFoundation,ST_FON_PAL_PaloCalcestruzzo,ST_FON_PAL_PaloCalcestruzzo600mmL9500mm,843732,1
OST_StructuralFoundation,ST_FON_PAL_PaloCalcestruzzo,ST_FON_PAL_PaloCalcestruzzo600mmL9500mm,843733,1
OST_StructuralFoundation,ST_FON_PAL_PaloCalcestruzzo,ST_FON_PAL_PaloCalcestruzzo600mmL9500mm,843734,1
OST_StructuralFoundation,ST_FON_PAL_PaloCalcestruzzo,ST_FON_PAL_PaloCalcestruzzo600mmL9500mm,843735,1
OST_StructuralFoundation,ST_FON_PAL_PaloCalcestruzzo,ST_FON_PAL_PaloCalcestruzzo600mmL9500mm,843736,1
OST_StructuralFoundation,ST_FON_PAL_PaloCalcestruzzo,ST_FON_PAL_PaloCalcestruzzo600mmL9500mm,843737,1
OST_StructuralFoundation,ST_FON_PAL_PaloCalcestruzzo,ST_FON_PAL_PaloCalcestruzzo600mmL9500mm,843738,1
OST_StructuralFoundation,ST_FON_PAL_PaloCalcestruzzo,ST_FON_PAL_PaloCalcestruzzo600mmL9500mm,843739,1
OST_StructuralFoundation,ST_FON_PAL_PaloCalcestruzzo,ST_FON_PAL_PaloCalcestruzzo600mmL9500mm,843740,1
OST_StructuralFoundation,ST_FON_PAL_PaloCalcestruzzo,ST_FON_PAL_PaloCalcestruzzo600mmL9500mm,843741,1
OST_StructuralFoundation,ST_FON_PAL_PaloCalcestruzzo,ST_FON_PAL_PaloCalcestruzzo600mmL9500mm,843742,1
OST_StructuralFoundation,ST_FON_PAL_PaloCalcestruzzo,ST_FON_PAL_PaloCalcestruzzo600mmL9500mm,843743,1
OST_StructuralFoundation,ST_FON_PAL_PaloCalcestruzzo,ST_FON_PAL_PaloCalcestruzzo600mmL9500mm,843744,1
OST_StructuralFoundation,ST_FON_PAL_PaloCalcestruzzo,ST_FON_PAL_PaloCalcestruzzo600mmL9500mm,843745,1
OST_StructuralFoundation,ST_FON_PAL_PaloCalcestruzzo,ST_FON_PAL_PaloCalcestruzzo600mmL9500mm,843746,1
OST_StructuralFoundation,ST_FON_PAL_PaloCalcestruzzo,ST_FON_PAL_PaloCalcestruzzo600mmL9500mm,843747,1
OST_StructuralFoundation,ST_FON_PAL_PaloCalcestruzzo,ST_FON_PAL_PaloCalcestruzzo600mmL9500mm,843748,1
OST_StructuralFoundation,ST_FON_PAL_PaloCalcestruzzo,ST_FON_PAL_PaloCalcestruzzo600mmL9500mm,843749,1
OST_StructuralFoundation,ST_FON_PAL_PaloCalcestruzzo,ST_FON_PAL_PaloCalcestruzzo600mmL9500mm,843750,1
OST_StructuralFoundation,ST_FON_PAL_PaloCalcestruzzo,ST_FON_PAL_PaloCalcestruzzo600mmL9500mm,843751,1
OST_StructuralFoundation,ST_FON_PAL_PaloCalcestruzzo,ST_FON_PAL_PaloCalcestruzzo600mmL9500mm,843752,1
OST_StructuralFoundation,ST_FON_PAL_PaloCalcestruzzo,ST_FON_PAL_PaloCalcestruzzo600mmL9500mm,843753,1
OST_StructuralFoundation,ST_FON_PAL_PaloCalcestruzzo,ST_FON_PAL_PaloCalcestruzzo600mmL9500mm,843754,1
OST_StructuralFoundation,ST_FON_PAL_PaloCalcestruzzo,ST_FON_PAL_PaloCalcestruzzo600mmL9500mm,843755,1
OST_StructuralFoundation,ST_FON_PAL_PaloCalcestruzzo,ST_FON_PAL_PaloCalcestruzzo600mmL9500mm,843756,1
OST_StructuralFoundation,ST_FON_PAL_PaloCalcestruzzo,ST_FON_PAL_PaloCalcestruzzo600mmL9500mm,843757,1
OST_StructuralFoundation,ST_FON_PAL_PaloCalcestruzzo,ST_FON_PAL_PaloCalcestruzzo600mmL9500mm,843758,1
OST_StructuralFoundation,ST_FON_PAL_PaloCalcestruzzo,ST_FON_PAL_PaloCalcestruzzo600mmL9500mm,843759,1
OST_StructuralFoundation,ST_FON_PAL_PaloCalcestruzzo,ST_FON_PAL_PaloCalcestruzzo600mmL9500mm,843760,1
OST_StructuralFoundation,ST_FON_PAL_PaloCalcestruzzo,ST_FON_PAL_PaloCalcestruzzo600mmL9500mm,843761,1
OST_StructuralFoundation,ST_FON_PAL_PaloCalcestruzzo,ST_FON_PAL_PaloCalcestruzzo600mmL9500mm,843762,1
OST_StructuralFoundation,ST_FON_PAL_PaloCalcestruzzo,ST_FON_PAL_PaloCalcestruzzo600mmL9500mm,843763,1
OST_StructuralFoundation,ST_FON_PAL_PaloCalcestruzzo,ST_FON_PAL_PaloCalcestruzzo600mmL9500mm,843764,1
OST_StructuralFoundation,ST_FON_PAL_PaloCalcestruzzo,ST_FON_PAL_PaloCalcestruzzo600mmL9500mm,843765,1
OST_StructuralFoundation,ST_FON_PAL_PaloCalcestruzzo,ST_FON_PAL_PaloCalcestruzzo600mmL9500mm,843766,1
OST_StructuralFoundation,ST_FON_PAL_PaloCalcestruzzo,ST_FON_PAL_PaloCalcestruzzo600mmL9500mm,843767,1
OST_StructuralFoundation,ST_FON_PAL_PaloCalcestruzzo,ST_FON_PAL_PaloCalcestruzzo600mmL9500mm,843768,1
OST_StructuralFoundation,ST_FON_PAL_PaloCalcestruzzo,ST_FON_PAL_PaloCalcestruzzo600mmL9500mm,843769,1
OST_StructuralFoundation,ST_FON_PAL_PaloCalcestruzzo,ST_FON_PAL_PaloCalcestruzzo600mmL9500mm,843770,1
OST_StructuralFoundation,ST_FON_PAL_PaloCalcestruzzo,ST_FON_PAL_PaloCalcestruzzo600mmL9500mm,843771,1
OST_StructuralFoundation,ST_FON_PAL_PaloCalcestruzzo,ST_FON_PAL_PaloCalcestruzzo600mmL9500mm,843772,1
OST_StructuralFoundation,ST_FON_PAL_PaloCalcestruzzo,ST_FON_PAL_PaloCalcestruzzo600mmL9500mm,843773,1
OST_StructuralFoundation,ST_FON_PAL_PaloCalcestruzzo,ST_FON_PAL_PaloCalcestruzzo600mmL9500mm,843774,1
OST_StructuralFoundation,ST_FON_PAL_PaloCalcestruzzo,ST_FON_PAL_PaloCalcestruzzo600mmL9500mm,843775,1
OST_StructuralFoundation,ST_FON_PAL_PaloCalcestruzzo,ST_FON_PAL_PaloCalcestruzzo600mmL9500mm,843776,1
OST_StructuralFoundation,ST_FON_PAL_PaloCalcestruzzo,ST_FON_PAL_PaloCalcestruzzo600mmL9500mm,843777,1
OST_StructuralFoundation,ST_FON_PAL_PaloCalcestruzzo,ST_FON_PAL_PaloCalcestruzzo600mmL9500mm,843778,1
OST_StructuralFoundation,ST_FON_PAL_PaloCalcestruzzo,ST_FON_PAL_PaloCalcestruzzo600mmL9500mm,843779,1
OST_StructuralFoundation,ST_FON_PAL_PaloCalcestruzzo,ST_FON_PAL_PaloCalcestruzzo600mmL9500mm,843780,1
OST_StructuralFoundation,ST_FON_PAL_PaloCalcestruzzo,ST_FON_PAL_PaloCalcestruzzo600mmL9500mm,843781,1
OST_StructuralFoundation,ST_FON_PAL_PaloCalcestruzzo,ST_FON_PAL_PaloCalcestruzzo600mmL9500mm,843782,1
OST_StructuralFoundation,ST_FON_PAL_PaloCalcestruzzo,ST_FON_PAL_PaloCalcestruzzo600mmL9500mm,843783,1
OST_StructuralFoundation,ST_FON_PAL_PaloCalcestruzzo,ST_FON_PAL_PaloCalcestruzzo600mmL9500mm,843784,1
OST_StructuralFoundation,ST_FON_PAL_PaloCalcestruzzo,ST_FON_PAL_PaloCalcestruzzo600mmL9500mm,843785,1
OST_StructuralFoundation,ST_FON_PAL_PaloCalcestruzzo,ST_FON_PAL_PaloCalcestruzzo600mmL9500mm,843786,1
OST_StructuralFoundation,ST_FON_PAL_PaloCalcestruzzo,ST_FON_PAL_PaloCalcestruzzo600mmL9500mm,843787,1
OST_StructuralFoundation,ST_FON_PAL_PaloCalcestruzzo,ST_FON_PAL_PaloCalcestruzzo600mmL9500mm,843788,1
OST_StructuralFoundation,ST_FON_PAL_PaloCalcestruzzo,ST_FON_PAL_PaloCalcestruzzo600mmL9500mm,843789,1
OST_StructuralFoundation,ST_FON_PAL_PaloCalcestruzzo,ST_FON_PAL_PaloCalcestruzzo600mmL9500mm,843790,1
OST_StructuralFoundation,ST_FON_PAL_PaloCalcestruzzo,ST_FON_PAL_PaloCalcestruzzo600mmL9500mm,843791,1
OST_StructuralFoundation,ST_FON_PAL_PaloCalcestruzzo,ST_FON_PAL_PaloCalcestruzzo600mmL12000mm,843794,1
OST_StructuralFoundation,ST_FON_PAL_PaloCalcestruzzo,ST_FON_PAL_PaloCalcestruzzo600mmL12000mm,843795,1
OST_StructuralFoundation,ST_FON_PAL_PaloCalcestruzzo,ST_FON_PAL_PaloCalcestruzzo600mmL12000mm,843796,1
OST_StructuralFoundation,ST_FON_PAL_PaloCalcestruzzo,ST_FON_PAL_PaloCalcestruzzo600mmL12000mm,843797,1
OST_StructuralFraming,INC_TelST_TS.CA_FondazioneRettangolareMagrone,50x50,847737,1
OST_StructuralFraming,INC_TelST_TS.CA_FondazioneRettangolareMagrone,50x50,851070,1
OST_StructuralFraming,INC_TelST_TS.CA_FondazioneRettangolareMagrone,50x50,851209,1
OST_Doors,ST_POR_PRT_VarcoApertura,ST_POR_PRT_VarcoApertura_2670x2620mm,873176,1
OST_Doors,ST_POR_PRT_VarcoApertura,ST_POR_PRT_VarcoApertura_2670x2620mm,873369,1
OST_Doors,ST_POR_PRT_VarcoApertura,ST_POR_PRT_VarcoApertura_2670x2620mm,875541,1
OST_Doors,ST_POR_PRT_VarcoApertura,ST_POR_PRT_VarcoApertura_2670x2620mm,875660,1
OST_StructuralFoundation,ST_FON_PLT_Testata12Pali,ST_FON_PLT_Testata12Pali_4000x12000x1000mm,881061,1
OST_StructuralFoundation,ST_FON_PAL_PaloCalcestruzzo,ST_FON_PAL_PaloCalcestruzzo600mmL12000mm,881062,1
OST_StructuralFoundation,ST_FON_PAL_PaloCalcestruzzo,ST_FON_PAL_PaloCalcestruzzo600mmL12000mm,881063,1
OST_StructuralFoundation,ST_FON_PAL_PaloCalcestruzzo,ST_FON_PAL_PaloCalcestruzzo600mmL12000mm,881064,1
OST_StructuralFoundation,ST_FON_PAL_PaloCalcestruzzo,ST_FON_PAL_PaloCalcestruzzo600mmL12000mm,881065,1
OST_StructuralFoundation,ST_FON_PAL_PaloCalcestruzzo,ST_FON_PAL_PaloCalcestruzzo600mmL12000mm,881066,1
OST_StructuralFoundation,ST_FON_PAL_PaloCalcestruzzo,ST_FON_PAL_PaloCalcestruzzo600mmL12000mm,881067,1
OST_StructuralFoundation,ST_FON_PAL_PaloCalcestruzzo,ST_FON_PAL_PaloCalcestruzzo600mmL12000mm,881068,1
OST_StructuralFoundation,ST_FON_PAL_PaloCalcestruzzo,ST_FON_PAL_PaloCalcestruzzo600mmL12000mm,881069,1
OST_StructuralFoundation,ST_FON_PAL_PaloCalcestruzzo,ST_FON_PAL_PaloCalcestruzzo600mmL12000mm,881070,1
OST_StructuralFoundation,ST_FON_PAL_PaloCalcestruzzo,ST_FON_PAL_PaloCalcestruzzo600mmL12000mm,881071,1
OST_StructuralFoundation,ST_FON_PAL_PaloCalcestruzzo,ST_FON_PAL_PaloCalcestruzzo600mmL12000mm,881072,1
OST_StructuralFoundation,ST_FON_PAL_PaloCalcestruzzo,ST_FON_PAL_PaloCalcestruzzo600mmL12000mm,881073,1
OST_StructuralFoundation,ST_FON_PAL_PaloCalcestruzzo,ST_FON_PAL_PaloCalcestruzzo600mmL12000mm,882471,1
OST_StructuralFoundation,ST_FON_PAL_PaloCalcestruzzo,ST_FON_PAL_PaloCalcestruzzo600mmL12000mm,882472,1
OST_StructuralFoundation,ST_FON_PLT_Testata45Pali,ST_FON_PLT_Testata45Pali_9000x19750x1000mm,890320,1
OST_StructuralFoundation,ST_FON_PAL_PaloCalcestruzzo,ST_FON_PAL_PaloCalcestruzzo600mmL12000mm,890321,1
OST_StructuralFoundation,ST_FON_PAL_PaloCalcestruzzo,ST_FON_PAL_PaloCalcestruzzo600mmL12000mm,890322,1
OST_StructuralFoundation,ST_FON_PAL_PaloCalcestruzzo,ST_FON_PAL_PaloCalcestruzzo600mmL12000mm,890323,1
OST_StructuralFoundation,ST_FON_PAL_PaloCalcestruzzo,ST_FON_PAL_PaloCalcestruzzo600mmL12000mm,890324,1
OST_StructuralFoundation,ST_FON_PAL_PaloCalcestruzzo,ST_FON_PAL_PaloCalcestruzzo600mmL12000mm,890325,1
OST_StructuralFoundation,ST_FON_PAL_PaloCalcestruzzo,ST_FON_PAL_PaloCalcestruzzo600mmL12000mm,890326,1
OST_StructuralFoundation,ST_FON_PAL_PaloCalcestruzzo,ST_FON_PAL_PaloCalcestruzzo600mmL12000mm,890327,1
OST_StructuralFoundation,ST_FON_PAL_PaloCalcestruzzo,ST_FON_PAL_PaloCalcestruzzo600mmL12000mm,890328,1
OST_StructuralFoundation,ST_FON_PAL_PaloCalcestruzzo,ST_FON_PAL_PaloCalcestruzzo600mmL12000mm,890329,1
OST_StructuralFoundation,ST_FON_PAL_PaloCalcestruzzo,ST_FON_PAL_PaloCalcestruzzo600mmL12000mm,890330,1
OST_StructuralFoundation,ST_FON_PAL_PaloCalcestruzzo,ST_FON_PAL_PaloCalcestruzzo600mmL12000mm,890331,1
OST_StructuralFoundation,ST_FON_PAL_PaloCalcestruzzo,ST_FON_PAL_PaloCalcestruzzo600mmL12000mm,890332,1
OST_StructuralFoundation,ST_FON_PAL_PaloCalcestruzzo,ST_FON_PAL_PaloCalcestruzzo600mmL12000mm,890333,1
OST_StructuralFoundation,ST_FON_PAL_PaloCalcestruzzo,ST_FON_PAL_PaloCalcestruzzo600mmL12000mm,890334,1
OST_StructuralFoundation,ST_FON_PAL_PaloCalcestruzzo,ST_FON_PAL_PaloCalcestruzzo600mmL12000mm,890335,1
OST_StructuralFoundation,ST_FON_PAL_PaloCalcestruzzo,ST_FON_PAL_PaloCalcestruzzo600mmL12000mm,890336,1
OST_StructuralFoundation,ST_FON_PAL_PaloCalcestruzzo,ST_FON_PAL_PaloCalcestruzzo600mmL12000mm,890337,1
OST_StructuralFoundation,ST_FON_PAL_PaloCalcestruzzo,ST_FON_PAL_PaloCalcestruzzo600mmL12000mm,890338,1
OST_StructuralFoundation,ST_FON_PAL_PaloCalcestruzzo,ST_FON_PAL_PaloCalcestruzzo600mmL12000mm,890339,1
OST_StructuralFoundation,ST_FON_PAL_PaloCalcestruzzo,ST_FON_PAL_PaloCalcestruzzo600mmL12000mm,890340,1
OST_StructuralFoundation,ST_FON_PAL_PaloCalcestruzzo,ST_FON_PAL_PaloCalcestruzzo600mmL12000mm,890341,1
OST_StructuralFoundation,ST_FON_PAL_PaloCalcestruzzo,ST_FON_PAL_PaloCalcestruzzo600mmL12000mm,890342,1
OST_StructuralFoundation,ST_FON_PAL_PaloCalcestruzzo,ST_FON_PAL_PaloCalcestruzzo600mmL12000mm,890343,1
OST_StructuralFoundation,ST_FON_PAL_PaloCalcestruzzo,ST_FON_PAL_PaloCalcestruzzo600mmL12000mm,890344,1
OST_StructuralFoundation,ST_FON_PAL_PaloCalcestruzzo,ST_FON_PAL_PaloCalcestruzzo600mmL12000mm,890345,1
OST_StructuralFoundation,ST_FON_PAL_PaloCalcestruzzo,ST_FON_PAL_PaloCalcestruzzo600mmL12000mm,890346,1
OST_StructuralFoundation,ST_FON_PAL_PaloCalcestruzzo,ST_FON_PAL_PaloCalcestruzzo600mmL12000mm,890347,1
OST_StructuralFoundation,ST_FON_PAL_PaloCalcestruzzo,ST_FON_PAL_PaloCalcestruzzo600mmL12000mm,890348,1
OST_StructuralFoundation,ST_FON_PAL_PaloCalcestruzzo,ST_FON_PAL_PaloCalcestruzzo600mmL12000mm,890349,1
OST_StructuralFoundation,ST_FON_PAL_PaloCalcestruzzo,ST_FON_PAL_PaloCalcestruzzo600mmL12000mm,890350,1
OST_StructuralFoundation,ST_FON_PAL_PaloCalcestruzzo,ST_FON_PAL_PaloCalcestruzzo600mmL12000mm,890351,1
OST_StructuralFoundation,ST_FON_PAL_PaloCalcestruzzo,ST_FON_PAL_PaloCalcestruzzo600mmL12000mm,890352,1
OST_StructuralFoundation,ST_FON_PAL_PaloCalcestruzzo,ST_FON_PAL_PaloCalcestruzzo600mmL12000mm,890353,1
OST_StructuralFoundation,ST_FON_PAL_PaloCalcestruzzo,ST_FON_PAL_PaloCalcestruzzo600mmL12000mm,890354,1
OST_StructuralFoundation,ST_FON_PAL_PaloCalcestruzzo,ST_FON_PAL_PaloCalcestruzzo600mmL12000mm,890355,1
OST_StructuralFoundation,ST_FON_PAL_PaloCalcestruzzo,ST_FON_PAL_PaloCalcestruzzo600mmL12000mm,890356,1
OST_StructuralFoundation,ST_FON_PAL_PaloCalcestruzzo,ST_FON_PAL_PaloCalcestruzzo600mmL12000mm,890357,1
OST_StructuralFoundation,ST_FON_PAL_PaloCalcestruzzo,ST_FON_PAL_PaloCalcestruzzo600mmL12000mm,890358,1
OST_StructuralFoundation,ST_FON_PAL_PaloCalcestruzzo,ST_FON_PAL_PaloCalcestruzzo600mmL12000mm,890359,1
OST_StructuralFoundation,ST_FON_PAL_PaloCalcestruzzo,ST_FON_PAL_PaloCalcestruzzo600mmL12000mm,890360,1
OST_StructuralFoundation,ST_FON_PAL_PaloCalcestruzzo,ST_FON_PAL_PaloCalcestruzzo600mmL12000mm,890361,1
OST_StructuralFoundation,ST_FON_PAL_PaloCalcestruzzo,ST_FON_PAL_PaloCalcestruzzo600mmL12000mm,890362,1
OST_StructuralFoundation,ST_FON_PAL_PaloCalcestruzzo,ST_FON_PAL_PaloCalcestruzzo600mmL12000mm,890363,1
OST_StructuralFoundation,ST_FON_PAL_PaloCalcestruzzo,ST_FON_PAL_PaloCalcestruzzo600mmL12000mm,890364,1
OST_StructuralFoundation,ST_FON_PAL_PaloCalcestruzzo,ST_FON_PAL_PaloCalcestruzzo600mmL12000mm,890365,1
OST_StructuralFraming,INC_TelST_TS.CA_Rettangolare,100x35,892754,1
OST_StructuralFraming,INC_TelST_TS.CA_Rettangolare,50x35,893104,1
OST_StructuralFraming,INC_TelST_TS.CA_Rettangolare,25x138,901751,1
OST_StructuralFraming,INC_TelST_TS.CA_Rettangolare,30x60,908178,1
OST_StructuralFraming,INC_TelST_TS.CA_Rettangolare,60x60,908285,1
OST_StructuralFraming,INC_TelST_TS.CA_Rettangolare,60x60,909247,1
OST_StructuralFraming,INC_TelST_TS.CA_Rettangolare,30x60,909391,1
OST_StructuralFraming,INC_TelST_TS.CA_Rettangolare,25x138,917018,1
OST_StructuralFraming,INC_TelST_TS.CA_Rettangolare,25x138,917169,1
OST_Doors,ST_POR_PRT_VarcoApertura,ST_POR_PRT_VarcoApertura_1280x2320mm,924733,1
OST_Doors,ST_POR_PRT_VarcoApertura,ST_POR_PRT_VarcoApertura_1280x2320mm,924925,1
OST_Doors,ST_POR_PRT_VarcoApertura,ST_POR_PRT_VarcoApertura_1280x2320mm,924926,1
OST_Doors,ST_POR_PRT_VarcoApertura,ST_POR_PRT_VarcoApertura_1280x2320mm,925084,1
OST_Doors,ST_POR_PRT_VarcoApertura,ST_POR_PRT_VarcoApertura_1280x2320mm,925085,1
OST_Doors,ST_POR_PRT_VarcoApertura,ST_POR_PRT_VarcoApertura_1280x2320mm,925217,1