Categoria,Nome Famiglia,Nome Tipo,ID Elemento,Fase,Verifica,Stato
Muri,Muro di base,ST_MUR_POR_300mm_CalcestruzzoArmato,684459,J002_SDP,Fase corretta,1
Muri,Muro di base,ST_MUR_POR_300mm_CalcestruzzoArmato,684956,J002_SDP,Fase corretta,1
Muri,Muro di base,ST_MUR_POR_300mm_CalcestruzzoArmato,685012,J002_SDP,Fase corretta,1
Muri,Muro di base,ST_MUR_POR_300mm_CalcestruzzoArmato,685106,J002_SDP,Fase corretta,1
Pavimenti,Pavimento,ST_PAV_GET_250mm_CalcestruzzoArmato,691685,J002_SDP,Fase corretta,1
Pavimenti,Pavimento,ST_PAV_MST_130mm_MistoGrecato,692372,J002_SDP,Fase corretta,1
Fondazioni strutturali,ST_FON_PLT_Testata4Pali,ST_FON_PLT_Testata4Pali_3000x3000x1000mm,699381,J002_SDP,Fase corretta,1
Fondazioni strutturali,ST_FON_PLT_Testata4Pali,ST_FON_PLT_Testata4Pali_3000x3000x1000mm,705223,J002_SDP,Fase corretta,1
Fondazioni strutturali,ST_FON_PLT_Testata4Pali,ST_FON_PLT_Testata4Pali_3000x3000x1000mm,705235,J002_SDP,Fase corretta,1
Fondazioni strutturali,ST_FON_PLT_Testata4Pali,ST_FON_PLT_Testata4Pali_3000x3000x1000mm,705247,J002_SDP,Fase corretta,1
Fondazioni strutturali,ST_FON_PLT_Testata4Pali,ST_FON_PLT_Testata4Pali_3000x3000x1000mm,705259,J002_SDP,Fase corretta,1
Fondazioni strutturali,ST_FON_PLT_Testata4Pali,ST_FON_PLT_Testata4Pali_3000x3000x1000mm,705273,J002_SDP,Fase corretta,1
Fondazioni strutturali,ST_FON_PLT_Testata4Pali,ST_FON_PLT_Testata4Pali_3000x3000x1000mm,705287,J002_SDP,Fase corretta,1
Fondazioni strutturali,ST_FON_PLT_Testata4Pali,ST_FON_PLT_Testata4Pali_3000x3000x1000mm,705299,J002_SDP,Fase corretta,1
Fondazioni strutturali,ST_FON_PLT_Testata4Pali,ST_FON_PLT_Testata4Pali_3000x3000x1000mm,705311,J002_SDP,Fase corretta,1
Fondazioni strutturali,ST_FON_PLT_Testata4Pali,ST_FON_PLT_Testata4Pali_3000x3000x1000mm,705335,J002_SDP,Fase corretta,1
Fondazioni strutturali,ST_FON_PLT_Testata4Pali,ST_FON_PLT_Testata4Pali_3000x3000x1000mm,705363,J002_SDP,Fase corretta,1
Fondazioni strutturali,ST_FON_PLT_Testata4Pali,ST_FON_PLT_Testata4Pali_3000x3000x1000mm,705375,J002_SDP,Fase corretta,1
Fondazioni strutturali,ST_FON_PLT_Testata4Pali,ST_FON_PLT_Testata4Pali_3000x3000x1000mm,705411,J002_SDP,Fase corretta,1
Fondazioni strutturali,ST_FON_PLT_Testata4Pali,ST_FON_PLT_Testata4Pali_3000x3000x1000mm,705425,J002_SDP,Fase corretta,1
Fondazioni strutturali,ST_FON_PLT_Testata4Pali,ST_FON_PLT_Testata4Pali_3000x3000x1000mm,705437,J002_SDP,Fase corretta,1
Fondazioni strutturali,ST_FON_PLT_Testata4Pali,ST_FON_PLT_Testata4Pali_3000x3000x1000mm,705449,J002_SDP,Fase corretta,1
Fondazioni strutturali,ST_FON_PLT_Testata4Pali,ST_FON_PLT_Testata4Pali_3000x3000x1000mm,705461,J002_SDP,Fase corretta,1
Fondazioni strutturali,ST_FON_PLT_Testata4Pali,ST_FON_PLT_Testata4Pali_3000x3000x1000mm,705518,J002_SDP,Fase corretta,1
Fondazioni strutturali,ST_FON_PLT_Testata4Pali,ST_FON_PLT_Testata4Pali_3000x3000x1000mm,705532,J002_SDP,Fase corretta,1
Fondazioni strutturali,ST_FON_PLT_Testata4Pali,ST_FON_PLT_Testata4Pali_3000x3000x1000mm,705544,J002_SDP,Fase corretta,1
Fondazioni strutturali,ST_FON_PLT_Testata4Pali,ST_FON_PLT_Testata4Pali_3000x3000x1000mm,705556,J002_SDP,Fase corretta,1
Fondazioni strutturali,ST_FON_PLT_Testata4Pali,ST_FON_PLT_Testata4Pali_3000x3000x1000mm,705568,J002_SDP,Fase corretta,1
Fondazioni strutturali,ST_FON_PLT_Testata4Pali,ST_FON_PLT_Testata4Pali_3000x3000x1000mm,705580,J002_SDP,Fase corretta,1
Fondazioni strutturali,ST_FON_PLT_Testata4Pali,ST_FON_PLT_Testata4Pali_3000x3000x1000mm,705592,J002_SDP,Fase corretta,1
Fondazioni strutturali,ST_FON_PLT_Testata4Pali,ST_FON_PLT_Testata4Pali_3000x3000x1000mm,705606,J002_SDP,Fase corretta,1
Fondazioni strutturali,ST_FON_PLT_Testata4Pali,ST_FON_PLT_Testata4Pali_3000x3000x1000mm,705618,J002_SDP,Fase corretta,1
Fondazioni strutturali,ST_FON_PLT_Testata4Pali,ST_FON_PLT_Testata4Pali_3000x3000x1000mm,705650,J002_SDP,Fase corretta,1
Fondazioni strutturali,ST_FON_PLT_Testata4Pali,ST_FON_PLT_Testata4Pali_3000x3000x1000mm,705662,J002_SDP,Fase corretta,1
Fondazioni strutturali,ST_FON_PLT_Testata4Pali,ST_FON_PLT_Testata4Pali_3000x3000x1000mm,705676,J002_SDP,Fase corretta,1
Fondazioni strutturali,ST_FON_PLT_Testata4Pali,ST_FON_PLT_Testata4Pali_3000x3000x1000mm,705688,J002_SDP,Fase corretta,1
Fondazioni strutturali,ST_FON_PLT_Testata4Pali,ST_FON_PLT_Testata4Pali_3000x3000x1000mm,705700,J002_SDP,Fase corretta,1
Fondazioni strutturali,ST_FON_PLT_Testata4Pali,ST_FON_PLT_Testata4Pali_3000x3000x1000mm,705712,J002_SDP,Fase corretta,1
Fondazioni strutturali,ST_FON_PLT_Testata4Pali,ST_FON_PLT_Testata4Pali_3000x3000x1000mm,705724,J002_SDP,Fase corretta,1
Fondazioni strutturali,ST_FON_PLT_Testata4Pali,ST_FON_PLT_Testata4Pali_3000x3000x1000mm,705736,J002_SDP,Fase corretta,1
Fondazioni strutturali,ST_FON_PLT_Testata4Pali,ST_FON_PLT_Testata4Pali_3000x3000x1000mm,705762,J002_SDP,Fase corretta,1
Fondazioni strutturali,ST_FON_PLT_Testata4Pali,ST_FON_PLT_Testata4Pali_3000x3000x1000mm,705800,J002_SDP,Fase corretta,1
Muri,Muro di base,ST_MUR_POR_300mm_CalcestruzzoArmato,706227,J002_SDP,Fase corretta,1
Muri,Muro di base,ST_MUR_POR_300mm_CalcestruzzoArmato,706228,J002_SDP,Fase corretta,1
Muri,Muro di base,ST_MUR_POR_300mm_CalcestruzzoArmato,706229,J002_SDP,Fase corretta,1
Muri,Muro di base,ST_MUR_POR_300mm_CalcestruzzoArmato,706230,J002_SDP,Fase corretta,1
Pavimenti,Pavimento,ST_PAV_GET_250mm_CalcestruzzoArmato,706642,J002_SDP,Fase corretta,1
Muri,Muro di base,ST_MUR_POR_300mm_CalcestruzzoArmato,706714,J002_SDP,Fase corretta,1
Porte,ST_POR_PRT_VarcoApertura,ST_POR_PRT_VarcoApertura_1405x2551mm,707085,J002_SDP,Fase corretta,1
Muri,Muro di base,ST_MUR_POR_300mm_CalcestruzzoArmato,707171,J002_SDP,Fase corretta,1
Muri,Muro di base,ST_MUR_POR_300mm_CalcestruzzoArmato,707268,J002_SDP,Fase corretta,1
Muri,Muro di base,ST_MUR_POR_300mm_CalcestruzzoArmato,707524,J002_SDP,Fase corretta,1
Muri,Muro di base,ST_MUR_POR_300mm_CalcestruzzoArmato,707525,J002_SDP,Fase corretta,1
Muri,Muro di base,ST_MUR_POR_300mm_CalcestruzzoArmato,707526,J002_SDP,Fase corretta,1
Muri,Muro di base,ST_MUR_POR_300mm_CalcestruzzoArmato,707699,J002_SDP,Fase corretta,1
Muri,Muro di base,ST_MUR_POR_300mm_CalcestruzzoArmato,707895,J002_SDP,Fase corretta,1
Muri,Muro di base,ST_MUR_POR_300mm_CalcestruzzoArmato,707932,J002_SDP,Fase corretta,1
Pavimenti,Pavimento,ST_PAV_GET_250mm_CalcestruzzoArmato,708150,J002_SDP,Fase corretta,1
Porte,ST_POR_PRT_VarcoApertura,ST_POR_PRT_VarcoApertura_1405x2551mm,708617,J002_SDP,Fase corretta,1
Muri,Muro di base,ST_MUR_POR_300mm_CalcestruzzoArmato,708832,J002_SDP,Fase corretta,1
Muri,Muro di base,ST_MUR_POR_300mm_CalcestruzzoArmato,708833,J002_SDP,Fase corretta,1
Muri,Muro di base,ST_MUR_POR_300mm_CalcestruzzoArmato,708834,J002_SDP,Fase corretta,1
Muri,Muro di base,ST_MUR_POR_300mm_CalcestruzzoArmato,708835,J002_SDP,Fase corretta,1
Muri,Muro di base,ST_MUR_POR_300mm_CalcestruzzoArmato,708998,J002_SDP,Fase corretta,1
Muri,Muro di base,ST_MUR_POR_300mm_CalcestruzzoArmato,709088,J002_SDP,Fase corretta,1
Porte,ST_POR_PRT_VarcoApertura,ST_POR_PRT_VarcoApertura_1405x2551mm,709561,J002_SDP,Fase corretta,1
Pavimenti,Pavimento,ST_PAV_GET_250mm_CalcestruzzoArmato,709748,J002_SDP,Fase corretta,1
Muri,Muro di base,ST_MUR_POR_300mm_CalcestruzzoArmato,710287,J002_SDP,Fase corretta,1
Muri,Muro di base,ST_MUR_POR_300mm_CalcestruzzoArmato,710289,J002_SDP,Fase corretta,1
Muri,Muro di base,ST_MUR_POR_300mm_CalcestruzzoArmato,710290,J002_SDP,Fase corretta,1
Muri,Muro di base,ST_MUR_POR_300mm_CalcestruzzoArmato,710291,J002_SDP,Fase corretta,1
Muri,Muro di base,ST_MUR_POR_300mm_CalcestruzzoArmato,710292,J002_SDP,Fase corretta,1
Porte,ST_POR_PRT_VarcoApertura,ST_POR_PRT_VarcoApertura_2400x2400mm,710294,J002_SDP,Fase corretta,1
Porte,ST_POR_PRT_VarcoApertura,ST_POR_PRT_VarcoApertura_1405x2551mm,710295,J002_SDP,Fase corretta,1
Pavimenti,Pavimento,ST_PAV_GET_250mm_CalcestruzzoArmato,710298,J002_SDP,Fase corretta,1
Telaio strutturale,INC_TelST_TS.CA_FondazioneRettangolareMagrone,50x50,711556,J002_SDP,Fase corretta,1
Telaio strutturale,INC_TelST_TS.CA_FondazioneRettangolareMagrone,50x50,711814,J002_SDP,Fase corretta,1
Telaio strutturale,INC_TelST_TS.CA_FondazioneRettangolareMagrone,50x50,711891,J002_SDP,Fase corretta,1
Telaio strutturale,INC_TelST_TS.CA_FondazioneRettangolareMagrone,50x50,711903,J002_SDP,Fase corretta,1
Telaio strutturale,INC_TelST_TS.CA_FondazioneRettangolareMagrone,50x50,711914,J002_SDP,Fase corretta,1
Telaio strutturale,INC_TelST_TS.CA_FondazioneRettangolareMagrone,50x50,711925,J002_SDP,Fase corretta,1
Telaio strutturale,INC_TelST_TS.CA_FondazioneRettangolareMagrone,50x50,711936,J002_SDP,Fase corretta,1
Telaio strutturale,INC_TelST_TS.CA_FondazioneRettangolareMagrone,50x50,711947,J002_SDP,Fase corretta,1
Telaio strutturale,INC_TelST_TS.CA_FondazioneRettangolareMagrone,50x50,711958,J002_SDP,Fase corretta,1
Telaio strutturale,INC_TelST_TS.CA_FondazioneRettangolareMagrone,50x50,711969,J002_SDP,Fase corretta,1
Telaio strutturale,INC_TelST_TS.CA_FondazioneRettangolareMagrone,50x50,711980,J002_SDP,Fase corretta,1
Telaio strutturale,INC_TelST_TS.CA_FondazioneRettangolareMagrone,50x50,713107,J002_SDP,Fase corretta,1
Telaio strutturale,INC_TelST_TS.CA_FondazioneRettangolareMagrone,50x50,713415,J002_SDP,Fase corretta,1
Telaio strutturale,INC_TelST_TS.CA_FondazioneRettangolareMagrone,50x50,713485,J002_SDP,Fase corretta,1
Telaio strutturale,INC_TelST_TS.CA_FondazioneRettangolareMagrone,50x50,713614,J002_SDP,Fase corretta,1
Telaio strutturale,INC_TelST_TS.CA_Rettangolare,30x60,713771,J002_SDP,Fase corretta,1
Telaio strutturale,INC_TelST_TS.CA_FondazioneRettangolareMagrone,50x50,714449,J002_SDP,Fase corretta,1
Telaio strutturale,INC_TelST_TS.CA_FondazioneRettangolareMagrone,50x50,714474,J002_SDP,Fase corretta,1
Telaio strutturale,INC_TelST_TS.CA_FondazioneRettangolareMagrone,50x50,714501,J002_SDP,Fase corretta,1
Telaio strutturale,INC_TelST_TS.CA_FondazioneRettangolareMagrone,80x50,714546,J002_SDP,Fase corretta,1
Telaio strutturale,INC_TelST_TS.CA_FondazioneRettangolareMagrone,50x50,714574,J002_SDP,Fase corretta,1
Telaio strutturale,INC_TelST_TS.CA_FondazioneRettangolareMagrone,50x50,714612,J002_SDP,Fase corretta,1
Telaio strutturale,INC_TelST_TS.CA_FondazioneRettangolareMagrone,50x50,714816,J002_SDP,Fase corretta,1
Telaio strutturale,INC_TelST_TS.CA_Rettangolare,30x60,714894,J002_SDP,Fase corretta,1
Telaio strutturale,INC_TelST_TS.CA_Rettangolare,30x60,715200,J002_SDP,Fase corretta,1
Telaio strutturale,INC_TelST_TS.CA_FondazioneRettangolareMagrone,50x50,715426,J002_SDP,Fase corretta,1
Telaio strutturale,INC_TelST_TS.CA_FondazioneRettangolareMagrone,50x50,715529,J002_SDP,Fase corretta,1
Telaio strutturale,INC_TelST_TS.CA_FondazioneRettangolareMagrone,50x50,715583,J002_SDP,Fase corretta,1
Telaio strutturale,INC_TelST_TS.CA_FondazioneRettangolareMagrone,50x50,715593,J002_SDP,Fase corretta,1
Telaio strutturale,INC_TelST_TS.CA_FondazioneRettangolareMagrone,80x50,715599,J002_SDP,Fase corretta,1
Telaio strutturale,INC_TelST_TS.CA_FondazioneRettangolareMagrone,50x50,715609,J002_SDP,Fase corretta,1
Telaio strutturale,INC_TelST_TS.CA_FondazioneRettangolareMagrone,50x50,715617,J002_SDP,Fase corretta,1
Telaio strutturale,INC_TelST_TS.CA_FondazioneRettangolareMagrone,50x50,715623,J002_SDP,Fase corretta,1
Telaio strutturale,INC_TelST_TS.CA_FondazioneRettangolareMagrone,50x50,715629,J002_SDP,Fase corretta,1
Telaio strutturale,INC_TelST_TS.CA_Rettangolare,30x60,715831,J002_SDP,Fase corretta,1
Telaio strutturale,INC_TelST_TS.CA_FondazioneRettangolareMagrone,50x50,716849,J002_SDP,Fase corretta,1
Muri,Muro di base,ST_MUR_POR_300mm_CalcestruzzoArmato,719643,J002_SDP,Fase corretta,1
Telaio strutturale,INC_TelST_TS.CA_MensolaInclinata,55x(44/20),721041,J002_SDP,Fase corretta,1
Fondazioni strutturali,Platea,ST_FON_PLA_Platea_800mm,722247,J002_SDP,Fase corretta,1
Pavimenti,Pavimento,ST_PAV_GET_100mm_Magrone,722289,J002_SDP,Fase corretta,1
Muri,Muro di base,ST_MUR_POR_300mm_CalcestruzzoArmato,722652,J002_SDP,Fase corretta,1
Muri,Muro di base,ST_MUR_POR_300mm_CalcestruzzoArmato,722690,J002_SDP,Fase corretta,1
Muri,Muro di base,ST_MUR_POR_300mm_CalcestruzzoArmato,722729,J002_SDP,Fase corretta,1
Telaio strutturale,INC_TelST_TS.CA_FondazioneRettangolareMagrone,50x50,725784,J002_SDP,Fase corretta,1
Telaio strutturale,INC_TelST_TS.CA_FondazioneRettangolareMagrone,50x50,726166,J002_SDP,Fase corretta,1
Telaio strutturale,INC_TelST_TS.CA_FondazioneRettangolareMagrone,50x50,726248,J002_SDP,Fase corretta,1
Telaio strutturale,INC_TelST_TS.CA_FondazioneRettangolareMagrone,50x50,726906,J002_SDP,Fase corretta,1
Telaio strutturale,INC_TelST_TS.CA_FondazioneRettangolareMagrone,50x50,726980,J002_SDP,Fase corretta,1
Telaio strutturale,INC_TelST_TS.CA_FondazioneRettangolareMagrone,50x50,727004,J002_SDP,Fase corretta,1
Telaio strutturale,INC_TelST_TS.CA_FondazioneRettangolareMagrone,50x50,727058,J002_SDP,Fase corretta,1
Telaio strutturale,INC_TelST_TS.CA_FondazioneRettangolareMagrone,50x50,727064,J002_SDP,Fase corretta,1
Telaio strutturale,INC_TelST_TS.CA_FondazioneRettangolareMagrone,50x50,727299,J002_SDP,Fase corretta,1
Telaio strutturale,INC_TelST_TS.CA_FondazioneRettangolareMagrone,50x50,727350,J002_SDP,Fase corretta,1
Telaio strutturale,INC_TelST_TS.CA_FondazioneRettangolareMagrone,50x50,727365,J002_SDP,Fase corretta,1
Telaio strutturale,INC_TelST_TS.CA_FondazioneRettangolareMagrone,50x50,727527,J002_SDP,Fase corretta,1
Telaio strutturale,INC_TelST_TS.CA_FondazioneRettangolareMagrone,50x50,727539,J002_SDP,Fase corretta,1
Telaio strutturale,INC_TelST_TS.CA_FondazioneRettangolareMagrone,50x50,727634,J002_SDP,Fase corretta,1
Telaio strutturale,INC_TelST_TS.CA_FondazioneRettangolareMagrone,50x50,727694,J002_SDP,Fase corretta,1
Telaio strutturale,INC_TelST_TS.CA_FondazioneRettangolareMagrone,50x50,727715,J002_SDP,Fase corretta,1
Telaio strutturale,INC_TelST_TS.CA_FondazioneRettangolareMagrone,50x50,727820,J002_SDP,Fase corretta,1
Telaio strutturale,INC_TelST_TS.CA_FondazioneRettangolareMagrone,50x50,727907,J002_SDP,Fase corretta,1
Telaio strutturale,INC_TelST_TS.CA_FondazioneRettangolareMagrone,50x50,728029,J002_SDP,Fase corretta,1
Telaio strutturale,INC_TelST_TS.CA_FondazioneRettangolareMagrone,50x50,728145,J002_SDP,Fase corretta,1
Telaio strutturale,INC_TelST_TS.CA_FondazioneRettangolareMagrone,50x50,728151,J002_SDP,Fase corretta,1
Telaio strutturale,INC_TelST_TS.CA_FondazioneRettangolareMagrone,50x50,728156,J002_SDP,Fase corretta,1
Telaio strutturale,INC_TelST_TS.CA_FondazioneRettangolareMagrone,50x50,728161,J002_SDP,Fase corretta,1
Telaio strutturale,INC_TelST_TS.CA_FondazioneRettangolareMagrone,50x50,728208,J002_SDP,Fase corretta,1
Telaio strutturale,INC_TelST_TS.CA_FondazioneRettangolareMagrone,50x50,728217,J002_SDP,Fase corretta,1
Telaio strutturale,INC_TelST_TS.CA_FondazioneRettangolareMagrone,50x50,728246,J002_SDP,Fase corretta,1
Telaio strutturale,INC_TelST_TS.CA_FondazioneRettangolareMagrone,50x50,728251,J002_SDP,Fase corretta,1
Telaio strutturale,INC_TelST_TS.CA_FondazioneRettangolareMagrone,50x50,728350,J002_SDP,Fase corretta,1
Telaio strutturale,INC_TelST_TS.CA_FondazioneRettangolareMagrone,50x50,728380,J002_SDP,Fase corretta,1
Telaio strutturale,INC_TelST_TS.CA_FondazioneRettangolareMagrone,50x50,728392,J002_SDP,Fase corretta,1
Telaio strutturale,INC_TelST_TS.CA_FondazioneRettangolareMagrone,50x50,728415,J002_SDP,Fase corretta,1
Telaio strutturale,INC_TelST_TS.CA_FondazioneRettangolareMagrone,50x50,728436,J002_SDP,Fase corretta,1
Telaio strutturale,INC_TelST_TS.CA_FondazioneRettangolareMagrone,50x50,728450,J002_SDP,Fase corretta,1
Telaio strutturale,INC_TelST_TS.CA_FondazioneRettangolareMagrone,50x50,728458,J002_SDP,Fase corretta,1
Telaio strutturale,INC_TelST_TS.CA_FondazioneRettangolareMagrone,50x50,728631,J002_SDP,Fase corretta,1
Muri,Muro di base,ST_MUR_POR_300mm_CalcestruzzoArmato,731604,J002_SDP,Fase corretta,1
Muri,Muro di base,ST_MUR_POR_300mm_CalcestruzzoArmato,731710,J002_SDP,Fase corretta,1
Muri,Muro di base,ST_MUR_POR_300mm_CalcestruzzoArmato,732026,J002_SDP,Fase corretta,1
Muri,Muro di base,ST_MUR_POR_300mm_CalcestruzzoArmato,732043,J002_SDP,Fase corretta,1
Muri,Muro di base,ST_MUR_POR_300mm_CalcestruzzoArmato,732730,J002_SDP,Fase corretta,1
Muri,Muro di base,ST_MUR_POR_300mm_CalcestruzzoArmato,732785,J002_SDP,Fase corretta,1
Muri,Muro di base,ST_MUR_POR_300mm_CalcestruzzoArmato,732947,J002_SDP,Fase corretta,1
Muri,Muro di base,ST_MUR_POR_300mm_CalcestruzzoArmato,733176,J002_SDP,Fase corretta,1
Muri,Muro di base,ST_MUR_POR_300mm_CalcestruzzoArmato,733214,J002_SDP,Fase corretta,1
Telaio strutturale,INC_TelST_TS.CA_Rettangolare,30x60,734481,J002_SDP,Fase corretta,1
Telaio strutturale,INC_TelST_TS.CA_FondazioneRettangolareMagrone,100x50,735577,J002_SDP,Fase corretta,1
Telaio strutturale,INC_TelST_TS.CA_Rettangolare,40x60,736016,J002_SDP,Fase corretta,1
Telaio strutturale,INC_TelST_TS.CA_Rettangolare,30x60,736399,J002_SDP,Fase corretta,1
Telaio strutturale,INC_TelST_TS.CA_Rettangolare,30x60,736913,J002_SDP,Fase corretta,1
Telaio strutturale,INC_TelST_TS.CA_FondazioneRettangolareMagrone,100x50,737501,J002_SDP,Fase corretta,1
Porte,ST_POR_PRT_VarcoApertura,ST_POR_PRT_VarcoApertura_1280x2320mm,738905,J002_SDP,Fase corretta,1
Porte,ST_POR_PRT_VarcoApertura,ST_POR_PRT_VarcoApertura_1280x2320mm,739355,J002_SDP,Fase corretta,1
Porte,ST_POR_PRT_VarcoApertura,ST_POR_PRT_VarcoApertura_1280x2320mm,740118,J002_SDP,Fase corretta,1
Porte,ST_POR_PRT_VarcoApertura,ST_POR_PRT_VarcoApertura_1280x2320mm,740540,J002_SDP,Fase corretta,1
Telaio strutturale,INC_TelST_TS.CA_FondazioneRettangolareMagrone,50x50,741787,J002_SDP,Fase corretta,1
Muri,Muro di base,ST_MUR_POR_300mm_CalcestruzzoArmato,744198,J002_SDP,Fase corretta,1
Muri,Muro di base,ST_MUR_POR_300mm_CalcestruzzoArmato,749387,J002_SDP,Fase corretta,1
Muri,Muro di base,ST_MUR_POR_300mm_CalcestruzzoArmato,749388,J002_SDP,Fase corretta,1
Muri,Muro di base,ST_MUR_POR_300mm_CalcestruzzoArmato,749389,J002_SDP,Fase corretta,1
Muri,Muro di base,ST_MUR_POR_300mm_CalcestruzzoArmato,749390,J002_SDP,Fase corretta,1
Muri,Muro di base,ST_MUR_POR_300mm_CalcestruzzoArmato,749391,J002_SDP,Fase corretta,1
Muri,Muro di base,ST_MUR_POR_300mm_CalcestruzzoArmato,749394,J002_SDP,Fase corretta,1
Muri,Muro di base,ST_MUR_POR_300mm_CalcestruzzoArmato,749395,J002_SDP,Fase corretta,1
Muri,Muro di base,ST_MUR_POR_300mm_CalcestruzzoArmato,749396,J002_SDP,Fase corretta,1
Muri,Muro di base,ST_MUR_POR_300mm_CalcestruzzoArmato,749397,J002_SDP,Fase corretta,1
Porte,ST_POR_PRT_VarcoApertura,ST_POR_PRT_VarcoApertura_1280x2320mm,749398,J002_SDP,Fase corretta,1
Porte,ST_POR_PRT_VarcoApertura,ST_POR_PRT_VarcoApertura_1280x2320mm,749399,J002_SDP,Fase corretta,1
Porte,ST_POR_PRT_VarcoApertura,ST_POR_PRT_VarcoApertura_1280x2320mm,749402,J002_SDP,Fase corretta,1
Porte,ST_POR_PRT_VarcoApertura,ST_POR_PRT_VarcoApertura_1280x2320mm,749403,J002_SDP,Fase corretta,1
Muri,Muro di base,ST_MUR_POR_300mm_CalcestruzzoArmato,749518,J002_SDP,Fase corretta,1
Muri,Muro di base,ST_MUR_POR_300mm_CalcestruzzoArmato,749519,J002_SDP,Fase corretta,1
Muri,Muro di base,ST_MUR_POR_300mm_CalcestruzzoArmato,749520,J002_SDP,Fase corretta,1
Muri,Muro di base,ST_MUR_POR_300mm_CalcestruzzoArmato,749521,J002_SDP,Fase corretta,1
Muri,Muro di base,ST_MUR_POR_300mm_CalcestruzzoArmato,749522,J002_SDP,Fase corretta,1
Muri,Muro di base,ST_MUR_POR_300mm_CalcestruzzoArmato,749524,J002_SDP,Fase corretta,1
Muri,Muro di base,ST_MUR_POR_300mm_CalcestruzzoArmato,749525,J002_SDP,Fase corretta,1
Muri,Muro di base,ST_MUR_POR_300mm_CalcestruzzoArmato,749526,J002_SDP,Fase corretta,1
Muri,Muro di base,ST_MUR_POR_300mm_CalcestruzzoArmato,749527,J002_SDP,Fase corretta,1
Porte,ST_POR_PRT_VarcoApertura,ST_POR_PRT_VarcoApertura_1280x2320mm,749528,J002_SDP,Fase corretta,1
Porte,ST_POR_PRT_VarcoApertura,ST_POR_PRT_VarcoApertura_1280x2320mm,749529,J002_SDP,Fase corretta,1
Porte,ST_POR_PRT_VarcoApertura,ST_POR_PRT_VarcoApertura_1280x2320mm,749530,J002_SDP,Fase corretta,1
Porte,ST_POR_PRT_VarcoApertura,ST_POR_PRT_VarcoApertura_1280x2320mm,749531,J002_SDP,Fase corretta,1
Pavimenti,Pavimento,ST_PAV_GET_250mm_CalcestruzzoArmato,749570,J002_SDP,Fase corretta,1
Pavimenti,Pavimento,ST_PAV_GET_250mm_CalcestruzzoArmato,749607,J002_SDP,Fase corretta,1
Fondazioni strutturali,ST_FON_PLT_Testata4Pali,ST_FON_PLT_Testata4Pali_3000x3000x1000mm,752066,J002_SDP,Fase corretta,1
Muri,Muro di base,ST_MUR_POR_300mm_CalcestruzzoArmatoFondazione,752715,J002_SDP,Fase corretta,1
Muri,Muro di base,ST_MUR_POR_300mm_CalcestruzzoArmatoFondazione,752716,J002_SDP,Fase corretta,1
Muri,Muro di base,ST_MUR_POR_300mm_CalcestruzzoArmatoFondazione,752717,J002_SDP,Fase corretta,1
Muri,Muro di base,ST_MUR_POR_300mm_CalcestruzzoArmatoFondazione,752718,J002_SDP,Fase corretta,1
Muri,Muro di base,ST_MUR_POR_300mm_CalcestruzzoArmatoFondazione,753028,J002_SDP,Fase corretta,1
Muri,Muro di base,ST_MUR_POR_300mm_CalcestruzzoArmatoFondazione,753029,J002_SDP,Fase corretta,1
Muri,Muro di base,ST_MUR_POR_300mm_CalcestruzzoArmatoFondazione,753030,J002_SDP,Fase corretta,1
Muri,Muro di base,ST_MUR_POR_300mm_CalcestruzzoArmatoFondazione,753031,J002_SDP,Fase corretta,1
Muri,Muro di base,ST_MUR_POR_300mm_CalcestruzzoArmatoFondazione,753480,J002_SDP,Fase corretta,1
Muri,Muro di base,ST_MUR_POR_300mm_CalcestruzzoArmatoFondazione,753481,J002_SDP,Fase corretta,1
Muri,Muro di base,ST_MUR_POR_300mm_CalcestruzzoArmatoFondazione,753482,J002_SDP,Fase corretta,1
Muri,Muro di base,ST_MUR_POR_300mm_CalcestruzzoArmatoFondazione,753483,J002_SDP,Fase corretta,1
Pavimenti,Pavimento,ST_PAV_MST_130mm_MistoGrecato,754092,J002_SDP,Fase corretta,1
Fondazioni strutturali,Platea,ST_FON_PLA_Platea_400mm,755908,J002_SDP,Fase corretta,1
Fondazioni strutturali,Platea,ST_FON_PLA_Platea_400mm,756020,J002_SDP,Fase corretta,1
Fondazioni strutturali,Platea,ST_FON_PLA_Platea_400mm,756073,J002_SDP,Fase corretta,1
Telaio strutturale,INC_TelST_TS.CA_Rettangolare,25x138,767021,J002_SDP,Fase corretta,1
Telaio strutturale,INC_TelST_TS.CA_FondazioneTraveT,65x168(25x138),769895,J002_SDP,Fase corretta,1
Telaio strutturale,INC_TelST_TS.CA_FondazioneTraveT,65x168(25x138),771997,J002_SDP,Fase corretta,1
Telaio strutturale,INC_TelST_TS.CA_FondazioneTraveT,65x168(25x138),774056,J002_SDP,Fase corretta,1
Telaio strutturale,INC_TelST_TS.CA_FondazioneTraveT,65x168(25x138),774564,J002_SDP,Fase corretta,1
Telaio strutturale,INC_TelST_TS.CA_FondazioneTraveT,65x168(25x138),774980,J002_SDP,Fase corretta,1
Pavimenti,Pavimento,ST_PAV_GET_200mm_CalcestruzzoArmato,781949,J002_SDP,Fase corretta,1
Scale,Scala gettata in opera,ST_SCA_Car_250mm_StraightRun,793521,J002_SDP,Fase corretta,1
Rampe,Rampa monolitica,ST_RMS_RET_Car_CalcestruzzoArmato,793524,J002_SDP,Fase corretta,1
Telaio strutturale,INC_TelST_TS.CA_FondazioneTraveT,65x168(25x138),795013,J002_SDP,Fase corretta,1
Telaio strutturale,INC_TelST_TS.CA_Rettangolare,25x138,795188,J002_SDP,Fase corretta,1
Telaio strutturale,INC_TelST_TS.CA_Rettangolare,25x138,797460,J002_SDP,Fase corretta,1
Telaio strutturale,INC_TelST_TS.CA_Rettangolare,25x138,799257,J002_SDP,Fase corretta,1
Telaio strutturale,INC_TelST_TS.CA_FondazioneTraveT,65x168(25x138),799269,J002_SDP,Fase corretta,1
Pavimenti,Pavimento,ST_PAV_GET_200mm_CalcestruzzoArmato,803573,J002_SDP,Fase corretta,1
Porte,ST_POR_PRT_VarcoApertura,ST_POR_PRT_VarcoApertura_1280x2320mm,804194,J002_SDP,Fase corretta,1
Porte,ST_POR_PRT_VarcoApertura,ST_POR_PRT_VarcoApertura_1405x2551mm,804283,J002_SDP,Fase corretta,1
Porte,ST_POR_PRT_VarcoApertura,ST_POR_PRT_VarcoApertura_2400x2400mm,804353,J002_SDP,Fase corretta,1
Muri,Muro di base,ST_MUR_POR_300mm_CalcestruzzoArmato,804501,J002_SDP,Fase corretta,1
Pavimenti,Pavimento,ST_PAV_MST_110mm_MistoGrecato,805295,J002_SDP,Fase corretta,1
Telaio strutturale,INC_TelST_TS.CA_MensolaInclinata,55x(44/20),806373,J002_SDP,Fase corretta,1
Porte,ST_POR_PRT_VarcoApertura,ST_POR_PRT_VarcoApertura_2400x2400mm,806484,J002_SDP,Fase corretta,1
Porte,ST_POR_PRT_VarcoApertura,ST_POR_PRT_VarcoApertura_1280x2320mm,807997,J002_SDP,Fase corretta,1
Porte,ST_POR_PRT_VarcoApertura,ST_POR_PRT_VarcoApertura_2400x2400mm,808440,J002_SDP,Fase corretta,1
Telaio strutturale,INC_TelST_TS.CA_MensolaInclinata,55x(44/20),808666,J002_SDP,Fase corretta,1
Pavimenti,Pavimento,ST_PAV_MST_110mm_MistoGrecato,809211,J002_SDP,Fase corretta,1
Porte,ST_POR_PRT_VarcoApertura,ST_POR_PRT_VarcoApertura_1280x2320mm,810038,J002_SDP,Fase corretta,1
Pavimenti,Pavimento,ST_PAV_GET_200mm_CalcestruzzoArmato,810086,J002_SDP,Fase corretta,1
Pavimenti,Pavimento,ST_PAV_GET_200mm_CalcestruzzoArmato,810374,J002_SDP,Fase corretta,1
Muri,Muro di base,ST_MUR_POR_300mm_CalcestruzzoArmato,810425,J002_SDP,Fase corretta,1
Pavimenti,Pavimento,ST_PAV_MST_110mm_MistoGrecato,810619,J002_SDP,Fase corretta,1
Porte,ST_POR_PRT_VarcoApertura,ST_POR_PRT_VarcoApertura_1280x2320mm,810935,J002_SDP,Fase corretta,1
Porte,ST_POR_PRT_VarcoApertura,ST_POR_PRT_VarcoApertura_1405x2551mm,810997,J002_SDP,Fase corretta,1
Muri,Muro di base,ST_MUR_POR_300mm_CalcestruzzoArmato,811428,J002_SDP,Fase corretta,1
Porte,ST_POR_PRT_VarcoApertura,ST_POR_PRT_VarcoApertura_2400x2400mm,814668,J002_SDP,Fase corretta,1
Pavimenti,Pavimento,ST_PAV_MST_110mm_MistoGrecato,815104,J002_SDP,Fase corretta,1
Telaio strutturale,INC_TelST_TS.CA_MensolaInclinata,55x(44/20),815214,J002_SDP,Fase corretta,1
Fondazioni strutturali,ST_FON_PLT_Testata28PaliT1T2,ST_FON_PLT_Testata28PaliT1T2_14400x6300x800mm,824791,J002_SDP,Fase corretta,1
Fondazioni strutturali,ST_FON_PAL_PaloCalcestruzzo,ST_FON_PAL_PaloCalcestruzzo600mmL9500mm,824792,J002_SDP,Fase corretta,1
Fondazioni strutturali,ST_FON_PAL_PaloCalcestruzzo,ST_FON_PAL_PaloCalcestruzzo600mmL9500mm,824793,J002_SDP,Fase corretta,1
Fondazioni strutturali,ST_FON_PAL_PaloCalcestruzzo,ST_FON_PAL_PaloCalcestruzzo600mmL9500mm,824794,J002_SDP,Fase corretta,1
Fondazioni strutturali,ST_FON_PAL_PaloCalcestruzzo,ST_FON_PAL_PaloCalcestruzzo600mmL9500mm,824795,J002_SDP,Fase corretta,1
Fondazioni strutturali,ST_FON_PAL_PaloCalcestruzzo,ST_FON_PAL_PaloCalcestruzzo600mmL9500mm,824796,J002_SDP,Fase corretta,1
Fondazioni strutturali,ST_FON_PAL_PaloCalcestruzzo,ST_FON_PAL_PaloCalcestruzzo600mmL9500mm,824797,J002_SDP,Fase corretta,1
Fondazioni strutturali,ST_FON_PAL_PaloCalcestruzzo,ST_FON_PAL_PaloCalcestruzzo600mmL9500mm,824798,J002_SDP,Fase corretta,1
Fondazioni strutturali,ST_FON_PAL_PaloCalcestruzzo,ST_FON_PAL_PaloCalcestruzzo600mmL9500mm,824799,J002_SDP,Fase corretta,1
Fondazioni strutturali,ST_FON_PAL_PaloCalcestruzzo,ST_FON_PAL_PaloCalcestruzzo600mmL9500mm,824800,J002_SDP,Fase corretta,1
Fondazioni strutturali,ST_FON_PAL_PaloCalcestruzzo,ST_FON_PAL_PaloCalcestruzzo600mmL9500mm,824801,J002_SDP,Fase corretta,1
Fondazioni strutturali,ST_FON_PAL_PaloCalcestruzzo,ST_FON_PAL_PaloCalcestruzzo600mmL9500mm,824802,J002_SDP,Fase corretta,1
Fondazioni strutturali,ST_FON_PAL_PaloCalcestruzzo,ST_FON_PAL_PaloCalcestruzzo600mmL9500mm,824803,J002_SDP,Fase corretta,1
Fondazioni strutturali,ST_FON_PAL_PaloCalcestruzzo,ST_FON_PAL_PaloCalcestruzzo600mmL9500mm,824804,J002_SDP,Fase corretta,1
Fondazioni strutturali,ST_FON_PAL_PaloCalcestruzzo,ST_FON_PAL_PaloCalcestruzzo600mmL9500mm,824805,J002_SDP,Fase corretta,1
Fondazioni strutturali,ST_FON_PAL_PaloCalcestruzzo,ST_FON_PAL_PaloCalcestruzzo600mmL9500mm,824806,J002_SDP,Fase corretta,1
Fondazioni strutturali,ST_FON_PAL_PaloCalcestruzzo,ST_FON_PAL_PaloCalcestruzzo600mmL9500mm,824807,J002_SDP,Fase corretta,1
Fondazioni strutturali,ST_FON_PAL_PaloCalcestruzzo,ST_FON_PAL_PaloCalcestruzzo600mmL9500mm,824808,J002_SDP,Fase corretta,1
Fondazioni strutturali,ST_FON_PAL_PaloCalcestruzzo,ST_FON_PAL_PaloCalcestruzzo600mmL9500mm,824809,J002_SDP,Fase corretta,1
Fondazioni strutturali,ST_FON_PAL_PaloCalcestruzzo,ST_FON_PAL_PaloCalcestruzzo600mmL9500mm,824810,J002_SDP,Fase corretta,1
Fondazioni strutturali,ST_FON_PAL_PaloCalcestruzzo,ST_FON_PAL_PaloCalcestruzzo600mmL9500mm,824811,J002_SDP,Fase corretta,1
Fondazioni strutturali,ST_FON_PAL_PaloCalcestruzzo,ST_FON_PAL_PaloCalcestruzzo600mmL9500mm,824812,J002_SDP,Fase corretta,1
Fondazioni strutturali,ST_FON_PAL_PaloCalcestruzzo,ST_FON_PAL_PaloCalcestruzzo600mmL9500mm,824813,J002_SDP,Fase corretta,1
Fondazioni strutturali,ST_FON_PAL_PaloCalcestruzzo,ST_FON_PAL_PaloCalcestruzzo600mmL9500mm,824814,J002_SDP,Fase corretta,1
Fondazioni strutturali,ST_FON_PAL_PaloCalcestruzzo,ST_FON_PAL_PaloCalcestruzzo600mmL9500mm,824815,J002_SDP,Fase corretta,1
Fondazioni strutturali,ST_FON_PAL_PaloCalcestruzzo,ST_FON_PAL_PaloCalcestruzzo600mmL9500mm,824816,J002_SDP,Fase corretta,1
Fondazioni strutturali,ST_FON_PAL_PaloCalcestruzzo,ST_FON_PAL_PaloCalcestruzzo600mmL9500mm,824817,J002_SDP,Fase corretta,1
Fondazioni strutturali,ST_FON_PAL_PaloCalcestruzzo,ST_FON_PAL_PaloCalcestruzzo600mmL9500mm,824818,J002_SDP,Fase corretta,1
Fondazioni strutturali,ST_FON_PAL_PaloCalcestruzzo,ST_FON_PAL_PaloCalcestruzzo600mmL9500mm,824819,J002_SDP,Fase corretta,1
Muri,Muro di base,ST_MUR_POR_300mm_CalcestruzzoArmato,825169,J002_SDP,Fase corretta,1
Fondazioni strutturali,ST_FON_PLT_Testata28PaliT1T2,ST_FON_PLT_Testata28PaliT1T2_14400x6300x800mm,825286,J002_SDP,Fase corretta,1
Fondazioni strutturali,ST_FON_PAL_PaloCalcestruzzo,ST_FON_PAL_PaloCalcestruzzo600mmL9500mm,825287,J002_SDP,Fase corretta,1
Fondazioni strutturali,ST_FON_PAL_PaloCalcestruzzo,ST_FON_PAL_PaloCalcestruzzo600mmL9500mm,825288,J002_SDP,Fase corretta,1
Fondazioni strutturali,ST_FON_PAL_PaloCalcestruzzo,ST_FON_PAL_PaloCalcestruzzo600mmL9500mm,825289,J002_SDP,Fase corretta,1
Fondazioni strutturali,ST_FON_PAL_PaloCalcestruzzo,ST_FON_PAL_PaloCalcestruzzo600mmL9500mm,825290,J002_SDP,Fase corretta,1
Fondazioni strutturali,ST_FON_PAL_PaloCalcestruzzo,ST_FON_PAL_PaloCalcestruzzo600mmL9500mm,825291,J002_SDP,Fase corretta,1
Fondazioni strutturali,ST_FON_PAL_PaloCalcestruzzo,ST_FON_PAL_PaloCalcestruzzo600mmL9500mm,825292,J002_SDP,Fase corretta,1
Fondazioni strutturali,ST_FON_PAL_PaloCalcestruzzo,ST_FON_PAL_PaloCalcestruzzo600mmL9500mm,825293,J002_SDP,Fase corretta,1
Fondazioni strutturali,ST_FON_PAL_PaloCalcestruzzo,ST_FON_PAL_PaloCalcestruzzo600mmL9500mm,825294,J002_SDP,Fase corretta,1
Fondazioni strutturali,ST_FON_PAL_PaloCalcestruzzo,ST_FON_PAL_PaloCalcestruzzo600mmL9500mm,825295,J002_SDP,Fase corretta,1
Fondazioni strutturali,ST_FON_PAL_PaloCalcestruzzo,ST_FON_PAL_PaloCalcestruzzo600mmL9500mm,825296,J002_SDP,Fase corretta,1
Fondazioni strutturali,ST_FON_PAL_PaloCalcestruzzo,ST_FON_PAL_PaloCalcestruzzo600mmL9500mm,825297,J002_SDP,Fase corretta,1
Fondazioni strutturali,ST_FON_PAL_PaloCalcestruzzo,ST_FON_PAL_PaloCalcestruzzo600mmL9500mm,825298,J002_SDP,Fase corretta,1
Fondazioni strutturali,ST_FON_PAL_PaloCalcestruzzo,ST_FON_PAL_PaloCalcestruzzo600mmL9500mm,825299,J002_SDP,Fase corretta,1
Fondazioni strutturali,ST_FON_PAL_PaloCalcestruzzo,ST_FON_PAL_PaloCalcestruzzo600mmL9500mm,825300,J002_SDP,Fase corretta,1
Fondazioni strutturali,ST_FON_PAL_PaloCalcestruzzo,ST_FON_PAL_PaloCalcestruzzo600mmL9500mm,825301,J002_SDP,Fase corretta,1
Fondazioni strutturali,ST_FON_PAL_PaloCalcestruzzo,ST_FON_PAL_PaloCalcestruzzo600mmL9500mm,825302,J002_SDP,Fase corretta,1
Fondazioni strutturali,ST_FON_PAL_PaloCalcestruzzo,ST_FON_PAL_PaloCalcestruzzo600mmL9500mm,825303,J002_SDP,Fase corretta,1
Fondazioni strutturali,ST_FON_PAL_PaloCalcestruzzo,ST_FON_PAL_PaloCalcestruzzo600mmL9500mm,825304,J002_SDP,Fase corretta,1
Fondazioni strutturali,ST_FON_PAL_PaloCalcestruzzo,ST_FON_PAL_PaloCalcestruzzo600mmL9500mm,825305,J002_SDP,Fase corretta,1
Fondazioni strutturali,ST_FON_PAL_PaloCalcestruzzo,ST_FON_PAL_PaloCalcestruzzo600mmL9500mm,825306,J002_SDP,Fase corretta,1
Fondazioni strutturali,ST_FON_PAL_PaloCalcestruzzo,ST_FON_PAL_PaloCalcestruzzo600mmL9500mm,825307,J002_SDP,Fase corretta,1
Fondazioni strutturali,ST_FON_PAL_PaloCalcestruzzo,ST_FON_PAL_PaloCalcestruzzo600mmL9500mm,825308,J002_SDP,Fase corretta,1
Fondazioni strutturali,ST_FON_PAL_PaloCalcestruzzo,ST_FON_PAL_PaloCalcestruzzo600mmL9500mm,825309,J002_SDP,Fase corretta,1
Fondazioni strutturali,ST_FON_PAL_PaloCalcestruzzo,ST_FON_PAL_PaloCalcestruzzo600mmL9500mm,825310,J002_SDP,Fase corretta,1
Fondazioni strutturali,ST_FON_PAL_PaloCalcestruzzo,ST_FON_PAL_PaloCalcestruzzo600mmL9500mm,825311,J002_SDP,Fase corretta,1
Fondazioni strutturali,ST_FON_PAL_PaloCalcestruzzo,ST_FON_PAL_PaloCalcestruzzo600mmL9500mm,825312,J002_SDP,Fase corretta,1
Fondazioni strutturali,ST_FON_PAL_PaloCalcestruzzo,ST_FON_PAL_PaloCalcestruzzo600mmL9500mm,825313,J002_SDP,Fase corretta,1
Fondazioni strutturali,ST_FON_PAL_PaloCalcestruzzo,ST_FON_PAL_PaloCalcestruzzo600mmL9500mm,825314,J002_SDP,Fase corretta,1
Muri,Muro di base,ST_MUR_POR_300mm_CalcestruzzoArmato,825441,J002_SDP,Fase corretta,1
Fondazioni strutturali,ST_FON_PLT_Testata4Pali,ST_FON_PLT_Testata4Pali_3000x3000x1000mm,829728,J002_SDP,Fase corretta,1
Fondazioni strutturali,ST_FON_PLT_Testata48PaliT3,ST_FON_PLT_Testata48PaliT3_14400x6300x800mm,829897,J002_SDP,Fase corretta,1
Fondazioni strutturali,ST_FON_PAL_PaloCalcestruzzo,ST_FON_PAL_PaloCalcestruzzo600mmL12000mm,829898,J002_SDP,Fase corretta,1
Fondazioni strutturali,ST_FON_PAL_PaloCalcestruzzo,ST_FON_PAL_PaloCalcestruzzo600mmL12000mm,829899,J002_SDP,Fase corretta,1
Fondazioni strutturali,ST_FON_PAL_PaloCalcestruzzo,ST_FON_PAL_PaloCalcestruzzo600mmL12000mm,829900,J002_SDP,Fase corretta,1
Fondazioni strutturali,ST_FON_PAL_PaloCalcestruzzo,ST_FON_PAL_PaloCalcestruzzo600mmL12000mm,829901,J002_SDP,Fase corretta,1
Fondazioni strutturali,ST_FON_PAL_PaloCalcestruzzo,ST_FON_PAL_PaloCalcestruzzo600mmL12000mm,832082,J002_SDP,Fase corretta,1
Fondazioni strutturali,ST_FON_PAL_PaloCalcestruzzo,ST_FON_PAL_PaloCalcestruzzo600mmL12000mm,832083,J002_SDP,Fase corretta,1
Fondazioni strutturali,ST_FON_PAL_PaloCalcestruzzo,ST_FON_PAL_PaloCalcestruzzo600mmL12000mm,832084,J002_SDP,Fase corretta,1
Fondazioni strutturali,ST_FON_PAL_PaloCalcestruzzo,ST_FON_PAL_PaloCalcestruzzo600mmL12000mm,832085,J002_SDP,Fase corretta,1
Fondazioni strutturali,ST_FON_PAL_PaloCalcestruzzo,ST_FON_PAL_PaloCalcestruzzo600mmL12000mm,832086,J002_SDP,Fase corretta,1
Fondazioni strutturali,ST_FON_PAL_PaloCalcestruzzo,ST_FON_PAL_PaloCalcestruzzo600mmL12000mm,832087,J002_SDP,Fase corretta,1
Fondazioni strutturali,ST_FON_PAL_PaloCalcestruzzo,ST_FON_PAL_PaloCalcestruzzo600mmL12000mm,832088,J002_SDP,Fase corretta,1
Fondazioni strutturali,ST_FON_PAL_PaloCalcestruzzo,ST_FON_PAL_PaloCalcestruzzo600mmL12000mm,832089,J002_SDP,Fase corretta,1
Fondazioni strutturali,ST_FON_PAL_PaloCalcestruzzo,ST_FON_PAL_PaloCalcestruzzo600mmL12000mm,832090,J002_SDP,Fase corretta,1
Fondazioni strutturali,ST_FON_PAL_PaloCalcestruzzo,ST_FON_PAL_PaloCalcestruzzo600mmL12000mm,832091,J002_SDP,Fase corretta,1
Fondazioni strutturali,ST_FON_PAL_PaloCalcestruzzo,ST_FON_PAL_PaloCalcestruzzo600mmL12000mm,832092,J002_SDP,Fase corretta,1
Fondazioni strutturali,ST_FON_PAL_PaloCalcestruzzo,ST_FON_PAL_PaloCalcestruzzo600mmL12000mm,832093,J002_SDP,Fase corretta,1
Fondazioni strutturali,ST_FON_PAL_PaloCalcestruzzo,ST_FON_PAL_PaloCalcestruzzo600mmL12000mm,832094,J002_SDP,Fase corretta,1
Fondazioni strutturali,ST_FON_PAL_PaloCalcestruzzo,ST_FON_PAL_PaloCalcestruzzo600mmL12000mm,832095,J002_SDP,Fase corretta,1
Fondazioni strutturali,ST_FON_PAL_PaloCalcestruzzo,ST_FON_PAL_PaloCalcestruzzo600mmL12000mm,832096,J002_SDP,Fase corretta,1
Fondazioni strutturali,ST_FON_PAL_PaloCalcestruzzo,ST_FON_PAL_PaloCalcestruzzo600mmL12000mm,832097,J002_SDP,Fase corretta,1
Fondazioni strutturali,ST_FON_PAL_PaloCalcestruzzo,ST_FON_PAL_PaloCalcestruzzo600mmL12000mm,832098,J002_SDP,Fase corretta,1
Fondazioni strutturali,ST_FON_PAL_PaloCalcestruzzo,ST_FON_PAL_PaloCalcestruzzo600mmL12000mm,832099,J002_SDP,Fase corretta,1
Fondazioni strutturali,ST_FON_PAL_PaloCalcestruzzo,ST_FON_PAL_PaloCalcestruzzo600mmL12000mm,832100,J002_SDP,Fase corretta,1
Fondazioni strutturali,ST_FON_PAL_PaloCalcestruzzo,ST_FON_PAL_PaloCalcestruzzo600mmL12000mm,832101,J002_SDP,Fase corretta,1
Fondazioni strutturali,ST_FON_PAL_PaloCalcestruzzo,ST_FON_PAL_PaloCalcestruzzo600mmL12000mm,832102,J002_SDP,Fase corretta,1
Fondazioni strutturali,ST_FON_PAL_PaloCalcestruzzo,ST_FON_PAL_PaloCalcestruzzo600mmL12000mm,832103,J002_SDP,Fase corretta,1
Fondazioni strutturali,ST_FON_PAL_PaloCalcestruzzo,ST_FON_PAL_PaloCalcestruzzo600mmL12000mm,832104,J002_SDP,Fase corretta,1
Fondazioni strutturali,ST_FON_PAL_PaloCalcestruzzo,ST_FON_PAL_PaloCalcestruzzo600mmL12000mm,832105,J002_SDP,Fase corretta,1
Fondazioni strutturali,ST_FON_PAL_PaloCalcestruzzo,ST_FON_PAL_PaloCalcestruzzo600mmL12000mm,832106,J002_SDP,Fase corretta,1
Fondazioni strutturali,ST_FON_PAL_PaloCalcestruzzo,ST_FON_PAL_PaloCalcestruzzo600mmL12000mm,832107,J002_SDP,Fase corretta,1
Fondazioni strutturali,ST_FON_PAL_PaloCalcestruzzo,ST_FON_PAL_PaloCalcestruzzo600mmL12000mm,832108,J002_SDP,Fase corretta,1
Fondazioni strutturali,ST_FON_PAL_PaloCalcestruzzo,ST_FON_PAL_PaloCalcestruzzo600mmL12000mm,832109,J002_SDP,Fase corretta,1
Fondazioni strutturali,ST_FON_PAL_PaloCalcestruzzo,ST_FON_PAL_PaloCalcestruzzo600mmL12000mm,832110,J002_SDP,Fase corretta,1
Fondazioni strutturali,ST_FON_PAL_PaloCalcestruzzo,ST_FON_PAL_PaloCalcestruzzo600mmL12000mm,832111,J002_SDP,Fase corretta,1
Fondazioni strutturali,ST_FON_PAL_PaloCalcestruzzo,ST_FON_PAL_PaloCalcestruzzo600mmL12000mm,832112,J002_SDP,Fase corretta,1
Fondazioni strutturali,ST_FON_PAL_PaloCalcestruzzo,ST_FON_PAL_PaloCalcestruzzo600mmL12000mm,832113,J002_SDP,Fase corretta,1
Fondazioni strutturali,ST_FON_PAL_PaloCalcestruzzo,ST_FON_PAL_PaloCalcestruzzo600mmL12000mm,832114,J002_SDP,Fase corretta,1
Fondazioni strutturali,ST_FON_PAL_PaloCalcestruzzo,ST_FON_PAL_PaloCalcestruzzo600mmL12000mm,832115,J002_SDP,Fase corretta,1
Fondazioni strutturali,ST_FON_PAL_PaloCalcestruzzo,ST_FON_PAL_PaloCalcestruzzo600mmL12000mm,832116,J002_SDP,Fase corretta,1
Fondazioni strutturali,ST_FON_PAL_PaloCalcestruzzo,ST_FON_PAL_PaloCalcestruzzo600mmL12000mm,832117,J002_SDP,Fase corretta,1
Fondazioni strutturali,ST_FON_PAL_PaloCalcestruzzo,ST_FON_PAL_PaloCalcestruzzo600mmL12000mm,832118,J002_SDP,Fase corretta,1
Fondazioni strutturali,ST_FON_PAL_PaloCalcestruzzo,ST_FON_PAL_PaloCalcestruzzo600mmL12000mm,832119,J002_SDP,Fase corretta,1
Fondazioni strutturali,ST_FON_PAL_PaloCalcestruzzo,ST_FON_PAL_PaloCalcestruzzo600mmL12000mm,832120,J002_SDP,Fase corretta,1
Fondazioni strutturali,ST_FON_PAL_PaloCalcestruzzo,ST_FON_PAL_PaloCalcestruzzo600mmL12000mm,832121,J002_SDP,Fase corretta,1
Fondazioni strutturali,ST_FON_PAL_PaloCalcestruzzo,ST_FON_PAL_PaloCalcestruzzo600mmL12000mm,832122,J002_SDP,Fase corretta,1
Fondazioni strutturali,ST_FON_PAL_PaloCalcestruzzo,ST_FON_PAL_PaloCalcestruzzo600mmL12000mm,832123,J002_SDP,Fase corretta,1
Fondazioni strutturali,ST_FON_PAL_PaloCalcestruzzo,ST_FON_PAL_PaloCalcestruzzo600mmL12000mm,832124,J002_SDP,Fase corretta,1
Fondazioni strutturali,ST_FON_PAL_PaloCalcestruzzo,ST_FON_PAL_PaloCalcestruzzo600mmL12000mm,832125,J002_SDP,Fase corretta,1
Muri,Muro di base,ST_MUR_POR_300mm_CalcestruzzoArmato,832356,J002_SDP,Fase corretta,1
Muri,Muro di base,ST_MUR_POR_300mm_CalcestruzzoArmato,832511,J002_SDP,Fase corretta,1
Fondazioni strutturali,ST_FON_PLT_Testata36PaliT4,ST_FON_PLT_Testata36PaliT4_13550x10500x800mm,834142,J002_SDP,Fase corretta,1
Fondazioni strutturali,ST_FON_PAL_PaloCalcestruzzo,ST_FON_PAL_PaloCalcestruzzo600mmL9500mm,834143,J002_SDP,Fase corretta,1
Fondazioni strutturali,ST_FON_PAL_PaloCalcestruzzo,ST_FON_PAL_PaloCalcestruzzo600mmL9500mm,834144,J002_SDP,Fase corretta,1
Fondazioni strutturali,ST_FON_PAL_PaloCalcestruzzo,ST_FON_PAL_PaloCalcestruzzo600mmL9500mm,834145,J002_SDP,Fase corretta,1
Fondazioni strutturali,ST_FON_PAL_PaloCalcestruzzo,ST_FON_PAL_PaloCalcestruzzo600mmL9500mm,834146,J002_SDP,Fase corretta,1
Fondazioni strutturali,ST_FON_PAL_PaloCalcestruzzo,ST_FON_PAL_PaloCalcestruzzo600mmL9500mm,834147,J002_SDP,Fase corretta,1
Fondazioni strutturali,ST_FON_PAL_PaloCalcestruzzo,ST_FON_PAL_PaloCalcestruzzo600mmL9500mm,834148,J002_SDP,Fase corretta,1
Fondazioni strutturali,ST_FON_PAL_PaloCalcestruzzo,ST_FON_PAL_PaloCalcestruzzo600mmL9500mm,834161,J002_SDP,Fase corretta,1
Fondazioni strutturali,ST_FON_PAL_PaloCalcestruzzo,ST_FON_PAL_PaloCalcestruzzo600mmL9500mm,834162,J002_SDP,Fase corretta,1
Fondazioni strutturali,ST_FON_PAL_PaloCalcestruzzo,ST_FON_PAL_PaloCalcestruzzo600mmL9500mm,834163,J002_SDP,Fase corretta,1
Fondazioni strutturali,ST_FON_PAL_PaloCalcestruzzo,ST_FON_PAL_PaloCalcestruzzo600mmL9500mm,834164,J002_SDP,Fase corretta,1
Fondazioni strutturali,ST_FON_PAL_PaloCalcestruzzo,ST_FON_PAL_PaloCalcestruzzo600mmL9500mm,834165,J002_SDP,Fase corretta,1
Fondazioni strutturali,ST_FON_PAL_PaloCalcestruzzo,ST_FON_PAL_PaloCalcestruzzo600mmL9500mm,834166,J002_SDP,Fase corretta,1
Fondazioni strutturali,ST_FON_PAL_PaloCalcestruzzo,ST_FON_PAL_PaloCalcestruzzo600mmL9500mm,834167,J002_SDP,Fase corretta,1
Fondazioni strutturali,ST_FON_PAL_PaloCalcestruzzo,ST_FON_PAL_PaloCalcestruzzo600mmL9500mm,834168,J002_SDP,Fase corretta,1
Fondazioni strutturali,ST_FON_PAL_PaloCalcestruzzo,ST_FON_PAL_PaloCalcestruzzo600mmL9500mm,834169,J002_SDP,Fase corretta,1
Fondazioni strutturali,ST_FON_PAL_PaloCalcestruzzo,ST_FON_PAL_PaloCalcestruzzo600mmL9500mm,834170,J002_SDP,Fase corretta,1
Fondazioni strutturali,ST_FON_PAL_PaloCalcestruzzo,ST_FON_PAL_PaloCalcestruzzo600mmL9500mm,834171,J002_SDP,Fase corretta,1
Fondazioni strutturali,ST_FON_PAL_PaloCalcestruzzo,ST_FON_PAL_PaloCalcestruzzo600mmL9500mm,834172,J002_SDP,Fase corretta,1
Fondazioni strutturali,ST_FON_PAL_PaloCalcestruzzo,ST_FON_PAL_PaloCalcestruzzo600mmL9500mm,834173,J002_SDP,Fase corretta,1
Fondazioni strutturali,ST_FON_PAL_PaloCalcestruzzo,ST_FON_PAL_PaloCalcestruzzo600mmL9500mm,834174,J002_SDP,Fase corretta,1
Fondazioni strutturali,ST_FON_PAL_PaloCalcestruzzo,ST_FON_PAL_PaloCalcestruzzo600mmL9500mm,834175,J002_SDP,Fase corretta,1
Fondazioni strutturali,ST_FON_PAL_PaloCalcestruzzo,ST_FON_PAL_PaloCalcestruzzo600mmL9500mm,834176,J002_SDP,Fase corretta,1
Fondazioni strutturali,ST_FON_PAL_PaloCalcestruzzo,ST_FON_PAL_PaloCalcestruzzo600mmL9500mm,834177,J002_SDP,Fase corretta,1
Fondazioni strutturali,ST_FON_PAL_PaloCalcestruzzo,ST_FON_PAL_PaloCalcestruzzo600mmL9500mm,834178,J002_SDP,Fase corretta,1
Fondazioni strutturali,ST_FON_PAL_PaloCalcestruzzo,ST_FON_PAL_PaloCalcestruzzo600mmL9500mm,834179,J002_SDP,Fase corretta,1
Fondazioni strutturali,ST_FON_PAL_PaloCalcestruzzo,ST_FON_PAL_PaloCalcestruzzo600mmL9500mm,834180,J002_SDP,Fase corretta,1
Fondazioni strutturali,ST_FON_PAL_PaloCalcestruzzo,ST_FON_PAL_PaloCalcestruzzo600mmL9500mm,834181,J002_SDP,Fase corretta,1
Fondazioni strutturali,ST_FON_PAL_PaloCalcestruzzo,ST_FON_PAL_PaloCalcestruzzo600mmL9500mm,834182,J002_SDP,Fase corretta,1
Fondazioni strutturali,ST_FON_PAL_PaloCalcestruzzo,ST_FON_PAL_PaloCalcestruzzo600mmL9500mm,834183,J002_SDP,Fase corretta,1
Fondazioni strutturali,ST_FON_PAL_PaloCalcestruzzo,ST_FON_PAL_PaloCalcestruzzo600mmL9500mm,834184,J002_SDP,Fase corretta,1
Fondazioni strutturali,ST_FON_PAL_PaloCalcestruzzo,ST_FON_PAL_PaloCalcestruzzo600mmL9500mm,834185,J002_SDP,Fase corretta,1
Fondazioni strutturali,ST_FON_PAL_PaloCalcestruzzo,ST_FON_PAL_PaloCalcestruzzo600mmL9500mm,834186,J002_SDP,Fase corretta,1
Fondazioni strutturali,ST_FON_PAL_PaloCalcestruzzo,ST_FON_PAL_PaloCalcestruzzo600mmL9500mm,834187,J002_SDP,Fase corretta,1
Fondazioni strutturali,ST_FON_PAL_PaloCalcestruzzo,ST_FON_PAL_PaloCalcestruzzo600mmL9500mm,834188,J002_SDP,Fase corretta,1
Fondazioni strutturali,ST_FON_PAL_PaloCalcestruzzo,ST_FON_PAL_PaloCalcestruzzo600mmL9500mm,834189,J002_SDP,Fase corretta,1
Fondazioni strutturali,ST_FON_PAL_PaloCalcestruzzo,ST_FON_PAL_PaloCalcestruzzo600mmL9500mm,834190,J002_SDP,Fase corretta,1
Muri,Muro di base,ST_MUR_POR_300mm_CalcestruzzoArmato,836215,J002_SDP,Fase corretta,1
Muri,Muro di base,ST_MUR_POR_300mm_CalcestruzzoArmato,836256,J002_SDP,Fase corretta,1
Fondazioni strutturali,ST_FON_PLT_Testata6Pali,ST_FON_PLT_Testata6Pali_5100x5100x1000mm,836947,J002_SDP,Fase corretta,1
Fondazioni strutturali,ST_FON_PAL_PaloCalcestruzzo,ST_FON_PAL_PaloCalcestruzzo600mmL9500mm,843631,J002_SDP,Fase corretta,1
Fondazioni strutturali,ST_FON_PAL_PaloCalcestruzzo,ST_FON_PAL_PaloCalcestruzzo600mmL9500mm,843632,J002_SDP,Fase corretta,1
Fondazioni strutturali,ST_FON_PAL_PaloCalcestruzzo,ST_FON_PAL_PaloCalcestruzzo600mmL9500mm,843633,J002_SDP,Fase corretta,1
Fondazioni strutturali,ST_FON_PAL_PaloCalcestruzzo,ST_FON_PAL_PaloCalcestruzzo600mmL9500mm,843634,J002_SDP,Fase corretta,1
Fondazioni strutturali,ST_FON_PAL_PaloCalcestruzzo,ST_FON_PAL_PaloCalcestruzzo600mmL9500mm,843636,J002_SDP,Fase corretta,1
Fondazioni strutturali,ST_FON_PAL_PaloCalcestruzzo,ST_FON_PAL_PaloCalcestruzzo600mmL9500mm,843637,J002_SDP,Fase corretta,1
Fondazioni strutturali,ST_FON_PAL_PaloCalcestruzzo,ST_FON_PAL_PaloCalcestruzzo600mmL9500mm,843638,J002_SDP,Fase corretta,1
Fondazioni strutturali,ST_FON_PAL_PaloCalcestruzzo,ST_FON_PAL_PaloCalcestruzzo600mmL9500mm,843639,J002_SDP,Fase corretta,1
Fondazioni strutturali,ST_FON_PAL_PaloCalcestruzzo,ST_FON_PAL_PaloCalcestruzzo600mmL9500mm,843640,J002_SDP,Fase corretta,1
Fondazioni strutturali,ST_FON_PAL_PaloCalcestruzzo,ST_FON_PAL_PaloCalcestruzzo600mmL9500mm,843641,J002_SDP,Fase corretta,1
Fondazioni strutturali,ST_FON_PAL_PaloCalcestruzzo,ST_FON_PAL_PaloCalcestruzzo600mmL9500mm,843642,J002_SDP,Fase corretta,1
Fondazioni strutturali,ST_FON_PAL_PaloCalcestruzzo,ST_FON_PAL_PaloCalcestruzzo600mmL9500mm,843643,J002_SDP,Fase corretta,1
Fondazioni strutturali,ST_FON_PAL_PaloCalcestruzzo,ST_FON_PAL_PaloCalcestruzzo600mmL9500mm,843644,J002_SDP,Fase corretta,1
Fondazioni strutturali,ST_FON_PAL_PaloCalcestruzzo,ST_FON_PAL_PaloCalcestruzzo600mmL9500mm,843645,J002_SDP,Fase corretta,1
Fondazioni strutturali,ST_FON_PAL_PaloCalcestruzzo,ST_FON_PAL_PaloCalcestruzzo600mmL9500mm,843646,J002_SDP,Fase corretta,1
Fondazioni strutturali,ST_FON_PAL_PaloCalcestruzzo,ST_FON_PAL_PaloCalcestruzzo600mmL9500mm,843647,J002_SDP,Fase corretta,1
Fondazioni strutturali,ST_FON_PAL_PaloCalcestruzzo,ST_FON_PAL_PaloCalcestruzzo600mmL9500mm,843648,J002_SDP,Fase corretta,1
Fondazioni strutturali,ST_FON_PAL_PaloCalcestruzzo,ST_FON_PAL_PaloCalcestruzzo600mmL9500mm,843649,J002_SDP,Fase corretta,1
Fondazioni strutturali,ST_FON_PAL_PaloCalcestruzzo,ST_FON_PAL_PaloCalcestruzzo600mmL9500mm,843650,J002_SDP,Fase corretta,1
Fondazioni strutturali,ST_FON_PAL_PaloCalcestruzzo,ST_FON_PAL_PaloCalcestruzzo600mmL9500mm,843651,J002_SDP,Fase corretta,1
Fondazioni strutturali,ST_FON_PAL_PaloCalcestruzzo,ST_FON_PAL_PaloCalcestruzzo600mmL9500mm,843652,J002_SDP,Fase corretta,1
Fondazioni strutturali,ST_FON_PAL_PaloCalcestruzzo,ST_FON_PAL_PaloCalcestruzzo600mmL9500mm,843653,J002_SDP,Fase corretta,1
Fondazioni strutturali,ST_FON_PAL_PaloCalcestruzzo,ST_FON_PAL_PaloCalcestruzzo600mmL9500mm,843654,J002_SDP,Fase corretta,1
Fondazioni strutturali,ST_FON_PAL_PaloCalcestruzzo,ST_FON_PAL_PaloCalcestruzzo600mmL9500mm,843655,J002_SDP,Fase corretta,1
Fondazioni strutturali,ST_FON_PAL_PaloCalcestruzzo,ST_FON_PAL_PaloCalcestruzzo600mmL9500mm,843656,J002_SDP,Fase corretta,1
Fondazioni strutturali,ST_FON_PAL_PaloCalcestruzzo,ST_FON_PAL_PaloCalcestruzzo600mmL9500mm,843657,J002_SDP,Fase corretta,1
Fondazioni strutturali,ST_FON_PAL_PaloCalcestruzzo,ST_FON_PAL_PaloCalcestruzzo600mmL9500mm,843658,J002_SDP,Fase corretta,1
Fondazioni strutturali,ST_FON_PAL_PaloCalcestruzzo,ST_FON_PAL_PaloCalcestruzzo600mmL9500mm,843659,J002_SDP,Fase corretta,1
Fondazioni strutturali,ST_FON_PAL_PaloCalcestruzzo,ST_FON_PAL_PaloCalcestruzzo600mmL9500mm,843660,J002_SDP,Fase corretta,1
Fondazioni strutturali,ST_FON_PAL_PaloCalcestruzzo,ST_FON_PAL_PaloCalcestruzzo600mmL9500mm,843661,J002_SDP,Fase corretta,1
Fondazioni strutturali,ST_FON_PAL_PaloCalcestruzzo,ST_FON_PAL_PaloCalcestruzzo600mmL9500mm,843662,J002_SDP,Fase corretta,1
Fondazioni strutturali,ST_FON_PAL_PaloCalcestruzzo,ST_FON_PAL_PaloCalcestruzzo600mmL9500mm,843663,J002_SDP,Fase corretta,1
Fondazioni strutturali,ST_FON_PAL_PaloCalcestruzzo,ST_FON_PAL_PaloCalcestruzzo600mmL9500mm,843664,J002_SDP,Fase corretta,1
Fondazioni strutturali,ST_FON_PAL_PaloCalcestruzzo,ST_FON_PAL_PaloCalcestruzzo600mmL9500mm,843665,J002_SDP,Fase corretta,1
Fondazioni strutturali,ST_FON_PAL_PaloCalcestruzzo,ST_FON_PAL_PaloCalcestruzzo600mmL9500mm,843666,J002_SDP,Fase corretta,1
Fondazioni strutturali,ST_FON_PAL_PaloCalcestruzzo,ST_FON_PAL_PaloCalcestruzzo600mmL9500mm,843667,J002_SDP,Fase corretta,1
Fondazioni strutturali,ST_FON_PAL_PaloCalcestruzzo,ST_FON_PAL_PaloCalcestruzzo600mmL9500mm,843668,J002_SDP,Fase corretta,1
Fondazioni strutturali,ST_FON_PAL_PaloCalcestruzzo,ST_FON_PAL_PaloCalcestruzzo600mmL9500mm,843669,J002_SDP,Fase corretta,1
Fondazioni strutturali,ST_FON_PAL_PaloCalcestruzzo,ST_FON_PAL_PaloCalcestruzzo600mmL9500mm,843670,J002_SDP,Fase corretta,1
Fondazioni strutturali,ST_FON_PAL_PaloCalcestruzzo,ST_FON_PAL_PaloCalcestruzzo600mmL9500mm,843671,J002_SDP,Fase corretta,1
Fondazioni strutturali,ST_FON_PAL_PaloCalcestruzzo,ST_FON_PAL_PaloCalcestruzzo600mmL9500mm,843672,J002_SDP,Fase corretta,1
Fondazioni strutturali,ST_FON_PAL_PaloCalcestruzzo,ST_FON_PAL_PaloCalcestruzzo600mmL9500mm,843673,J002_SDP,Fase corretta,1
Fondazioni strutturali,ST_FON_PAL_PaloCalcestruzzo,ST_FON_PAL_PaloCalcestruzzo600mmL9500mm,843674,J002_SDP,Fase corretta,1
Fondazioni strutturali,ST_FON_PAL_PaloCalcestruzzo,ST_FON_PAL_PaloCalcestruzzo600mmL9500mm,843675,J002_SDP,Fase corretta,1
Fondazioni strutturali,ST_FON_PAL_PaloCalcestruzzo,ST_FON_PAL_PaloCalcestruzzo600mmL9500mm,843676,J002_SDP,Fase corretta,1
Fondazioni strutturali,ST_FON_PAL_PaloCalcestruzzo,ST_FON_PAL_PaloCalcestruzzo600mmL9500mm,843677,J002_SDP,Fase corretta,1
Fondazioni strutturali,ST_FON_PAL_PaloCalcestruzzo,ST_FON_PAL_PaloCalcestruzzo600mmL9500mm,843678,J002_SDP,Fase corretta,1
Fondazioni strutturali,ST_FON_PAL_PaloCalcestruzzo,ST_FON_PAL_PaloCalcestruzzo600mmL9500mm,843679,J002_SDP,Fase corretta,1
Fondazioni strutturali,ST_FON_PAL_PaloCalcestruzzo,ST_FON_PAL_PaloCalcestruzzo600mmL9500mm,843688,J002_SDP,Fase corretta,1
Fondazioni strutturali,ST_FON_PAL_PaloCalcestruzzo,ST_FON_PAL_PaloCalcestruzzo600mmL9500mm,843689,J002_SDP,Fase corretta,1
Fondazioni strutturali,ST_FON_PAL_PaloCalcestruzzo,ST_FON_PAL_PaloCalcestruzzo600mmL9500mm,843690,J002_SDP,Fase corretta,1
Fondazioni strutturali,ST_FON_PAL_PaloCalcestruzzo,ST_FON_PAL_PaloCalcestruzzo600mmL9500mm,843691,J002_SDP,Fase corretta,1
Fondazioni strutturali,ST_FON_PAL_PaloCalcestruzzo,ST_FON_PAL_PaloCalcestruzzo600mmL9500mm,843692,J002_SDP,Fase corretta,1
Fondazioni strutturali,ST_FON_PAL_PaloCalcestruzzo,ST_FON_PAL_PaloCalcestruzzo600mmL9500mm,843693,J002_SDP,Fase corretta,1
Fondazioni strutturali,ST_FON_PAL_PaloCalcestruzzo,ST_FON_PAL_PaloCalcestruzzo600mmL9500mm,843694,J002_SDP,Fase corretta,1
Fondazioni strutturali,ST_FON_PAL_PaloCalcestruzzo,ST_FON_PAL_PaloCalcestruzzo600mmL9500mm,843695,J002_SDP,Fase corretta,1
Fondazioni strutturali,ST_FON_PAL_PaloCalcestruzzo,ST_FON_PAL_PaloCalcestruzzo600mmL9500mm,843696,J002_SDP,Fase corretta,1
Fondazioni strutturali,ST_FON_PAL_PaloCalcestruzzo,ST_FON_PAL_PaloCalcestruzzo600mmL9500mm,843697,J002_SDP,Fase corretta,1
Fondazioni strutturali,ST_FON_PAL_PaloCalcestruzzo,ST_FON_PAL_PaloCalcestruzzo600mmL9500mm,843698,J002_SDP,Fase corretta,1
Fondazioni strutturali,ST_FON_PAL_PaloCalcestruzzo,ST_FON_PAL_PaloCalcestruzzo600mmL9500mm,843699,J002_SDP,Fase corretta,1
Fondazioni strutturali,ST_FON_PAL_PaloCalcestruzzo,ST_FON_PAL_PaloCalcestruzzo600mmL9500mm,843700,J002_SDP,Fase corretta,1
Fondazioni strutturali,ST_FON_PAL_PaloCalcestruzzo,ST_FON_PAL_PaloCalcestruzzo600mmL9500mm,843701,J002_SDP,Fase corretta,1
Fondazioni strutturali,ST_FON_PAL_PaloCalcestruzzo,ST_FON_PAL_PaloCalcestruzzo600mmL9500mm,843702,J002_SDP,Fase corretta,1
Fondazioni strutturali,ST_FON_PAL_PaloCalcestruzzo,ST_FON_PAL_PaloCalcestruzzo600mmL9500mm,843703,J002_SDP,Fase corretta,1
Fondazioni strutturali,ST_FON_PAL_PaloCalcestruzzo,ST_FON_PAL_PaloCalcestruzzo600mmL9500mm,843704,J002_SDP,Fase corretta,1
Fondazioni strutturali,ST_FON_PAL_PaloCalcestruzzo,ST_FON_PAL_PaloCalcestruzzo600mmL9500mm,843705,J002_SDP,Fase corretta,1
Fondazioni strutturali,ST_FON_PAL_PaloCalcestruzzo,ST_FON_PAL_PaloCalcestruzzo600mmL9500mm,843706,J002_SDP,Fase corretta,1
Fondazioni strutturali,ST_FON_PAL_PaloCalcestruzzo,ST_FON_PAL_PaloCalcestruzzo600mmL9500mm,843707,J002_SDP,Fase corretta,1
Fondazioni strutturali,ST_FON_PAL_PaloCalcestruzzo,ST_FON_PAL_PaloCalcestruzzo600mmL9500mm,843708,J002_SDP,Fase corretta,1
Fondazioni strutturali,ST_FON_PAL_PaloCalcestruzzo,ST_FON_PAL_PaloCalcestruzzo600mmL9500mm,843709,J002_SDP,Fase corretta,1
Fondazioni strutturali,ST_FON_PAL_PaloCalcestruzzo,ST_FON_PAL_PaloCalcestruzzo600mmL9500mm,843710,J002_SDP,Fase corretta,1
Fondazioni strutturali,ST_FON_PAL_PaloCalcestruzzo,ST_FON_PAL_PaloCalcestruzzo600mmL9500mm,843711,J002_SDP,Fase corretta,1
Fondazioni strutturali,ST_FON_PAL_PaloCalcestruzzo,ST_FON_PAL_PaloCalcestruzzo600mmL9500mm,843712,J002_SDP,Fase corretta,1
Fondazioni strutturali,ST_FON_PAL_PaloCalcestruzzo,ST_FON_PAL_PaloCalcestruzzo600mmL9500mm,843713,J002_SDP,Fase corretta,1
Fondazioni strutturali,ST_FON_PAL_PaloCalcestruzzo,ST_FON_PAL_PaloCalcestruzzo600mmL9500mm,843714,J002_SDP,Fase corretta,1
Fondazioni strutturali,ST_FON_PAL_PaloCalcestruzzo,ST_FON_PAL_PaloCalcestruzzo600mmL9500mm,843715,J002_SDP,Fase corretta,1
Fondazioni strutturali,ST_FON_PAL_PaloCalcestruzzo,ST_FON_PAL_PaloCalcestruzzo600mmL9500mm,843716,J002_SDP,Fase corretta,1
Fondazioni strutturali,ST_FON_PAL_PaloCalcestruzzo,ST_FON_PAL_PaloCalcestruzzo600mmL9500mm,843717,J002_SDP,Fase corretta,1
Fondazioni strutturali,ST_FON_PAL_PaloCalcestruzzo,ST_FON_PAL_PaloCalcestruzzo600mmL9500mm,843718,J002_SDP,Fase corretta,1
Fondazioni strutturali,ST_FON_PAL_PaloCalcestruzzo,ST_FON_PAL_PaloCalcestruzzo600mmL9500mm,843719,J002_SDP,Fase corretta,1
Fondazioni strutturali,ST_FON_PAL_PaloCalcestruzzo,ST_FON_PAL_PaloCalcestruzzo600mmL9500mm,843720,J002_SDP,Fase corretta,1
Fondazioni strutturali,ST_FON_PAL_PaloCalcestruzzo,ST_FON_PAL_PaloCalcestruzzo600mmL9500mm,843721,J002_SDP,Fase corretta,1
Fondazioni strutturali,ST_FON_PAL_PaloCalcestruzzo,ST_FON_PAL_PaloCalcestruzzo600mmL9500mm,843722,J002_SDP,Fase corretta,1
Fondazioni strutturali,ST_FON_PAL_PaloCalcestruzzo,ST_FON_PAL_PaloCalcestruzzo600mmL9500mm,843723,J002_SDP,Fase corretta,1
Fondazioni strutturali,ST_FON_PAL_PaloCalcestruzzo,ST_FON_PAL_PaloCalcestruzzo600mmL9500mm,843724,J002_SDP,Fase corretta,1
Fondazioni strutturali,ST_FON_PAL_PaloCalcestruzzo,ST_FON_PAL_PaloCalcestruzzo600mmL9500mm,843725,J002_SDP,Fase corretta,1
Fondazioni strutturali,ST_FON_PAL_PaloCalcestruzzo,ST_FON_PAL_PaloCalcestruzzo600mmL9500mm,843726,J002_SDP,Fase corretta,1
Fondazioni strutturali,ST_FON_PAL_PaloCalcestruzzo,ST_FON_PAL_PaloCalcestruzzo600mmL9500mm,843727,J002_SDP,Fase corretta,1
Fondazioni strutturali,ST_FON_PAL_PaloCalcestruzzo,ST_FON_PAL_PaloCalcestruzzo600mmL9500mm,843728,J002_SDP,Fase corretta,1
Fondazioni strutturali,ST_FON_PAL_PaloCalcestruzzo,ST_FON_PAL_PaloCalcestruzzo600mmL9500mm,843729,J002_SDP,Fase corretta,1
Fondazioni strutturali,ST_FON_PAL_PaloCalcestruzzo,ST_FON_PAL_PaloCalcestruzzo600mmL9500mm,843730,J002_SDP,Fase corretta,1
Fondazioni strutturali,ST_FON_PAL_PaloCalcestruzzo,ST_FON_PAL_PaloCalcestruzzo600mmL9500mm,843731,J002_SDP,Fase corretta,1
Fondazioni strutturali,ST_FON_PAL_PaloCalcestruzzo,ST_FON_PAL_PaloCalcestruzzo600mmL9500mm,843732,J002_SDP,Fase corretta,1
Fondazioni strutturali,ST_FON_PAL_PaloCalcestruzzo,ST_FON_PAL_PaloCalcestruzzo600mmL9500mm,843733,J002_SDP,Fase corretta,1
Fondazioni strutturali,ST_FON_PAL_PaloCalcestruzzo,ST_FON_PAL_PaloCalcestruzzo600mmL9500mm,843734,J002_SDP,Fase corretta,1
Fondazioni strutturali,ST_FON_PAL_PaloCalcestruzzo,ST_FON_PAL_PaloCalcestruzzo600mmL9500mm,843735,J002_SDP,Fase corretta,1
Fondazioni strutturali,ST_FON_PAL_PaloCalcestruzzo,ST_FON_PAL_PaloCalcestruzzo600mmL9500mm,843736,J002_SDP,Fase corretta,1
Fondazioni strutturali,ST_FON_PAL_PaloCalcestruzzo,ST_FON_PAL_PaloCalcestruzzo600mmL9500mm,843737,J002_SDP,Fase corretta,1
Fondazioni strutturali,ST_FON_PAL_PaloCalcestruzzo,ST_FON_PAL_PaloCalcestruzzo600mmL9500mm,843738,J002_SDP,Fase corretta,1
Fondazioni strutturali,ST_FON_PAL_PaloCalcestruzzo,ST_FON_PAL_PaloCalcestruzzo600mmL9500mm,843739,J002_SDP,Fase corretta,1
Fondazioni strutturali,ST_FON_PAL_PaloCalcestruzzo,ST_FON_PAL_PaloCalcestruzzo600mmL9500mm,843740,J002_SDP,Fase corretta,1
Fondazioni strutturali,ST_FON_PAL_PaloCalcestruzzo,ST_FON_PAL_PaloCalcestruzzo600mmL9500mm,843741,J002_SDP,Fase corretta,1
Fondazioni strutturali,ST_FON_PAL_PaloCalcestruzzo,ST_FON_PAL_PaloCalcestruzzo600mmL9500mm,843742,J002_SDP,Fase corretta,1
Fondazioni strutturali,ST_FON_PAL_PaloCalcestruzzo,ST_FON_PAL_PaloCalcestruzzo600mmL9500mm,843743,J002_SDP,Fase corretta,1
Fondazioni strutturali,ST_FON_PAL_PaloCalcestruzzo,ST_FON_PAL_PaloCalcestruzzo600mmL9500mm,843744,J002_SDP,Fase corretta,1
Fondazioni strutturali,ST_FON_PAL_PaloCalcestruzzo,ST_FON_PAL_PaloCalcestruzzo600mmL9500mm,843745,J002_SDP,Fase corretta,1
Fondazioni strutturali,ST_FON_PAL_PaloCalcestruzzo,ST_FON_PAL_PaloCalcestruzzo600mmL9500mm,843746,J002_SDP,Fase corretta,1
Fondazioni strutturali,ST_FON_PAL_PaloCalcestruzzo,ST_FON_PAL_PaloCalcestruzzo600mmL9500mm,843747,J002_SDP,Fase corretta,1
Fondazioni strutturali,ST_FON_PAL_PaloCalcestruzzo,ST_FON_PAL_PaloCalcestruzzo600mmL9500mm,843748,J002_SDP,Fase corretta,1
Fondazioni strutturali,ST_FON_PAL_PaloCalcestruzzo,ST_FON_PAL_PaloCalcestruzzo600mmL9500mm,843749,J002_SDP,Fase corretta,1
Fondazioni strutturali,ST_FON_PAL_PaloCalcestruzzo,ST_FON_PAL_PaloCalcestruzzo600mmL9500mm,843750,J002_SDP,Fase corretta,1
Fondazioni strutturali,ST_FON_PAL_PaloCalcestruzzo,ST_FON_PAL_PaloCalcestruzzo600mmL9500mm,843751,J002_SDP,Fase corretta,1
Fondazioni strutturali,ST_FON_PAL_PaloCalcestruzzo,ST_FON_PAL_PaloCalcestruzzo600mmL9500mm,843752,J002_SDP,Fase corretta,1
Fondazioni strutturali,ST_FON_PAL_PaloCalcestruzzo,ST_FON_PAL_PaloCalcestruzzo600mmL9500mm,843753,J002_SDP,Fase corretta,1
Fondazioni strutturali,ST_FON_PAL_PaloCalcestruzzo,ST_FON_PAL_PaloCalcestruzzo600mmL9500mm,843754,J002_SDP,Fase corretta,1
Fondazioni strutturali,ST_FON_PAL_PaloCalcestruzzo,ST_FON_PAL_PaloCalcestruzzo600mmL9500mm,843755,J002_SDP,Fase corretta,1
Fondazioni strutturali,ST_FON_PAL_PaloCalcestruzzo,ST_FON_PAL_PaloCalcestruzzo600mmL9500mm,843756,J002_SDP,Fase corretta,1
Fondazioni strutturali,ST_FON_PAL_PaloCalcestruzzo,ST_FON_PAL_PaloCalcestruzzo600mmL9500mm,843757,J002_SDP,Fase corretta,1
Fondazioni strutturali,ST_FON_PAL_PaloCalcestruzzo,ST_FON_PAL_PaloCalcestruzzo600mmL9500mm,843758,J002_SDP,Fase corretta,1
Fondazioni strutturali,ST_FON_PAL_PaloCalcestruzzo,ST_FON_PAL_PaloCalcestruzzo600mmL9500mm,843759,J002_SDP,Fase corretta,1
Fondazioni strutturali,ST_FON_PAL_PaloCalcestruzzo,ST_FON_PAL_PaloCalcestruzzo600mmL9500mm,843760,J002_SDP,Fase corretta,1
Fondazioni strutturali,ST_FON_PAL_PaloCalcestruzzo,ST_FON_PAL_PaloCalcestruzzo600mmL9500mm,843761,J002_SDP,Fase corretta,1
Fondazioni strutturali,ST_FON_PAL_PaloCalcestruzzo,ST_FON_PAL_PaloCalcestruzzo600mmL9500mm,843762,J002_SDP,Fase corretta,1
Fondazioni strutturali,ST_FON_PAL_PaloCalcestruzzo,ST_FON_PAL_PaloCalcestruzzo600mmL9500mm,843763,J002_SDP,Fase corretta,1
Fondazioni strutturali,ST_FON_PAL_PaloCalcestruzzo,ST_FON_PAL_PaloCalcestruzzo600mmL9500mm,843764,J002_SDP,Fase corretta,1
Fondazioni strutturali,ST_FON_PAL_PaloCalcestruzzo,ST_FON_PAL_PaloCalcestruzzo600mmL9500mm,843765,J002_SDP,Fase corretta,1
Fondazioni strutturali,ST_FON_PAL_PaloCalcestruzzo,ST_FON_PAL_PaloCalcestruzzo600mmL9500mm,843766,J002_SDP,Fase corretta,1
Fondazioni strutturali,ST_FON_PAL_PaloCalcestruzzo,ST_FON_PAL_PaloCalcestruzzo600mmL9500mm,843767,J002_SDP,Fase corretta,1
Fondazioni strutturali,ST_FON_PAL_PaloCalcestruzzo,ST_FON_PAL_PaloCalcestruzzo600mmL9500mm,843768,J002_SDP,Fase corretta,1
Fondazioni strutturali,ST_FON_PAL_PaloCalcestruzzo,ST_FON_PAL_PaloCalcestruzzo600mmL9500mm,843769,J002_SDP,Fase corretta,1
Fondazioni strutturali,ST_FON_PAL_PaloCalcestruzzo,ST_FON_PAL_PaloCalcestruzzo600mmL9500mm,843770,J002_SDP,Fase corretta,1
Fondazioni strutturali,ST_FON_PAL_PaloCalcestruzzo,ST_FON_PAL_PaloCalcestruzzo600mmL9500mm,843771,J002_SDP,Fase corretta,1
Fondazioni strutturali,ST_FON_PAL_PaloCalcestruzzo,ST_FON_PAL_PaloCalcestruzzo600mmL9500mm,843772,J002_SDP,Fase corretta,1
Fondazioni strutturali,ST_FON_PAL_PaloCalcestruzzo,ST_FON_PAL_PaloCalcestruzzo600mmL9500mm,843773,J002_SDP,Fase corretta,1
Fondazioni strutturali,ST_FON_PAL_PaloCalcestruzzo,ST_FON_PAL_PaloCalcestruzzo600mmL9500mm,843774,J002_SDP,Fase corretta,1
Fondazioni strutturali,ST_FON_PAL_PaloCalcestruzzo,ST_FON_PAL_PaloCalcestruzzo600mmL9500mm,843775,J002_SDP,Fase corretta,1
Fondazioni strutturali,ST_FON_PAL_PaloCalcestruzzo,ST_FON_PAL_PaloCalcestruzzo600mmL9500mm,843776,J002_SDP,Fase corretta,1
Fondazioni strutturali,ST_FON_PAL_PaloCalcestruzzo,ST_FON_PAL_PaloCalcestruzzo600mmL9500mm,843777,J002_SDP,Fase corretta,1
Fondazioni strutturali,ST_FON_PAL_PaloCalcestruzzo,ST_FON_PAL_PaloCalcestruzzo600mmL9500mm,843778,J002_SDP,Fase corretta,1
Fondazioni strutturali,ST_FON_PAL_PaloCalcestruzzo,ST_FON_PAL_PaloCalcestruzzo600mmL9500mm,843779,J002_SDP,Fase corretta,1
Fondazioni strutturali,ST_FON_PAL_PaloCalcestruzzo,ST_FON_PAL_PaloCalcestruzzo600mmL9500mm,843780,J002_SDP,Fase corretta,1
Fondazioni strutturali,ST_FON_PAL_PaloCalcestruzzo,ST_FON_PAL_PaloCalcestruzzo600mmL9500mm,843781,J002_SDP,Fase corretta,1
Fondazioni strutturali,ST_FON_PAL_PaloCalcestruzzo,ST_FON_PAL_PaloCalcestruzzo600mmL9500mm,843782,J002_SDP,Fase corretta,1
Fondazioni strutturali,ST_FON_PAL_PaloCalcestruzzo,ST_FON_PAL_PaloCalcestruzzo600mmL9500mm,843783,J002_SDP,Fase corretta,1
Fondazioni strutturali,ST_FON_PAL_PaloCalcestruzzo,ST_FON_PAL_PaloCalcestruzzo600mmL9500mm,843784,J002_SDP,Fase corretta,1
Fondazioni strutturali,ST_FON_PAL_PaloCalcestruzzo,ST_FON_PAL_PaloCalcestruzzo600mmL9500mm,843785,J002_SDP,Fase corretta,1
Fondazioni strutturali,ST_FON_PAL_PaloCalcestruzzo,ST_FON_PAL_PaloCalcestruzzo600mmL9500mm,843786,J002_SDP,Fase corretta,1
Fondazioni strutturali,ST_FON_PAL_PaloCalcestruzzo,ST_FON_PAL_PaloCalcestruzzo600mmL9500mm,843787,J002_SDP,Fase corretta,1
Fondazioni strutturali,ST_FON_PAL_PaloCalcestruzzo,ST_FON_PAL_PaloCalcestruzzo600mmL9500mm,843788,J002_SDP,Fase corretta,1
Fondazioni strutturali,ST_FON_PAL_PaloCalcestruzzo,ST_FON_PAL_PaloCalcestruzzo600mmL9500mm,843789,J002_SDP,Fase corretta,1
Fondazioni strutturali,ST_FON_PAL_PaloCalcestruzzo,ST_FON_PAL_PaloCalcestruzzo600mmL9500mm,843790,J002_SDP,Fase corretta,1
Fondazioni strutturali,ST_FON_PAL_PaloCalcestruzzo,ST_FON_PAL_PaloCalcestruzzo600mmL9500mm,843791,J002_SDP,Fase corretta,1
Fondazioni strutturali,ST_FON_PAL_PaloCalcestruzzo,ST_FON_PAL_PaloCalcestruzzo600mmL12000mm,843794,J002_SDP,Fase corretta,1
Fondazioni strutturali,ST_FON_PAL_PaloCalcestruzzo,ST_FON_PAL_PaloCalcestruzzo600mmL12000mm,843795,J002_SDP,Fase corretta,1
Fondazioni strutturali,ST_FON_PAL_PaloCalcestruzzo,ST_FON_PAL_PaloCalcestruzzo600mmL12000mm,843796,J002_SDP,Fase corretta,1
Fondazioni strutturali,ST_FON_PAL_PaloCalcestruzzo,ST_FON_PAL_PaloCalcestruzzo600mmL12000mm,843797,J002_SDP,Fase corretta,1
Muri,Muro di base,ST_MUR_POR_300mm_CalcestruzzoArmato,846192,J002_SDP,Fase corretta,1
Fondazioni strutturali,Platea,ST_FON_PLA_Platea_800mm,846195,J002_SDP,Fase corretta,1
Pavimenti,Pavimento,ST_PAV_GET_100mm_Magrone,846199,J002_SDP,Fase corretta,1
Muri,Muro di base,ST_MUR_POR_300mm_CalcestruzzoArmato,846201,J002_SDP,Fase corretta,1
Muri,Muro di base,ST_MUR_POR_300mm_CalcestruzzoArmato,846202,J002_SDP,Fase corretta,1
Muri,Muro di base,ST_MUR_POR_300mm_CalcestruzzoArmato,846203,J002_SDP,Fase corretta,1
Muri,Muro di base,ST_MUR_POR_300mm_CalcestruzzoArmato,846415,J002_SDP,Fase corretta,1
Telaio strutturale,INC_TelST_TS.CA_FondazioneRettangolareMagrone,50x50,847737,J002_SDP,Fase corretta,1
Telaio strutturale,INC_TelST_TS.CA_FondazioneRettangolareMagrone,50x50,851070,J002_SDP,Fase corretta,1
Telaio strutturale,INC_TelST_TS.CA_FondazioneRettangolareMagrone,50x50,851209,J002_SDP,Fase corretta,1
Scale,Scala gettata in opera,ST_SCA_Car_250mm_HalfTurn,856780,J002_SDP,Fase corretta,1
Rampe,Rampa monolitica,ST_RMS_RET_Car_CalcestruzzoArmato,856838,J002_SDP,Fase corretta,1
Rampe,Rampa monolitica,ST_RMS_RET_Car_CalcestruzzoArmato,857034,J002_SDP,Fase corretta,1
Pianerottoli,Pianerottolo monolitico,ST_PIA_RET_Car_CalcestruzzoArmato,857144,J002_SDP,Fase corretta,1
Muri,Muro di base,ST_MUR_POR_300mm_CalcestruzzoArmato,857804,J002_SDP,Fase corretta,1
Scale,Scala gettata in opera,ST_SCA_Car_250mm_HalfTurn,859150,J002_SDP,Fase corretta,1
Rampe,Rampa monolitica,ST_RMS_RET_Car_CalcestruzzoArmato,859228,J002_SDP,Fase corretta,1
Rampe,Rampa monolitica,ST_RMS_RET_Car_CalcestruzzoArmato,859470,J002_SDP,Fase corretta,1
Pianerottoli,Pianerottolo monolitico,ST_PIA_RET_Car_CalcestruzzoArmato,859472,J002_SDP,Fase corretta,1
Scale,Scala gettata in opera,ST_SCA_Car_250mm_HalfTurn,862476,J002_SDP,Fase corretta,1
Rampe,Rampa monolitica,ST_RMS_RET_Car_CalcestruzzoArmato,862612,J002_SDP,Fase corretta,1
Rampe,Rampa monolitica,ST_RMS_RET_Car_CalcestruzzoArmato,862741,J002_SDP,Fase corretta,1
Pianerottoli,Pianerottolo monolitico,ST_PIA_RET_Car_CalcestruzzoArmato,862743,J002_SDP,Fase corretta,1
Muri,Muro di base,ST_MUR_POR_300mm_CalcestruzzoArmato,871074,J002_SDP,Fase corretta,1
Muri,Muro di base,ST_MUR_POR_300mm_CalcestruzzoArmato,871139,J002_SDP,Fase corretta,1
Muri,Muro di base,ST_MUR_POR_300mm_CalcestruzzoArmato,871605,J002_SDP,Fase corretta,1
Muri,Muro di base,ST_MUR_POR_300mm_CalcestruzzoArmato,871679,J002_SDP,Fase corretta,1
Muri,Muro di base,ST_MUR_POR_300mm_CalcestruzzoArmato,872351,J002_SDP,Fase corretta,1
Muri,Muro di base,ST_MUR_POR_300mm_CalcestruzzoArmato,872413,J002_SDP,Fase corretta,1
Porte,ST_POR_PRT_VarcoApertura,ST_POR_PRT_VarcoApertura_2670x2620mm,873176,J002_SDP,Fase corretta,1
Porte,ST_POR_PRT_VarcoApertura,ST_POR_PRT_VarcoApertura_2670x2620mm,873369,J002_SDP,Fase corretta,1
Porte,ST_POR_PRT_VarcoApertura,ST_POR_PRT_VarcoApertura_2670x2620mm,875541,J002_SDP,Fase corretta,1
Porte,ST_POR_PRT_VarcoApertura,ST_POR_PRT_VarcoApertura_2670x2620mm,875660,J002_SDP,Fase corretta,1
Fondazioni strutturali,ST_FON_PLT_Testata12Pali,ST_FON_PLT_Testata12Pali_4000x12000x1000mm,881061,J002_SDP,Fase corretta,1
Fondazioni strutturali,ST_FON_PAL_PaloCalcestruzzo,ST_FON_PAL_PaloCalcestruzzo600mmL12000mm,881062,J002_SDP,Fase corretta,1
Fondazioni strutturali,ST_FON_PAL_PaloCalcestruzzo,ST_FON_PAL_PaloCalcestruzzo600mmL12000mm,881063,J002_SDP,Fase corretta,1
Fondazioni strutturali,ST_FON_PAL_PaloCalcestruzzo,ST_FON_PAL_PaloCalcestruzzo600mmL12000mm,881064,J002_SDP,Fase corretta,1
Fondazioni strutturali,ST_FON_PAL_PaloCalcestruzzo,ST_FON_PAL_PaloCalcestruzzo600mmL12000mm,881065,J002_SDP,Fase corretta,1
Fondazioni strutturali,ST_FON_PAL_PaloCalcestruzzo,ST_FON_PAL_PaloCalcestruzzo600mmL12000mm,881066,J002_SDP,Fase corretta,1
Fondazioni strutturali,ST_FON_PAL_PaloCalcestruzzo,ST_FON_PAL_PaloCalcestruzzo600mmL12000mm,881067,J002_SDP,Fase corretta,1
Fondazioni strutturali,ST_FON_PAL_PaloCalcestruzzo,ST_FON_PAL_PaloCalcestruzzo600mmL12000mm,881068,J002_SDP,Fase corretta,1
Fondazioni strutturali,ST_FON_PAL_PaloCalcestruzzo,ST_FON_PAL_PaloCalcestruzzo600mmL12000mm,881069,J002_SDP,Fase corretta,1
Fondazioni strutturali,ST_FON_PAL_PaloCalcestruzzo,ST_FON_PAL_PaloCalcestruzzo600mmL12000mm,881070,J002_SDP,Fase corretta,1
Fondazioni strutturali,ST_FON_PAL_PaloCalcestruzzo,ST_FON_PAL_PaloCalcestruzzo600mmL12000mm,881071,J002_SDP,Fase corretta,1
Fondazioni strutturali,ST_FON_PAL_PaloCalcestruzzo,ST_FON_PAL_PaloCalcestruzzo600mmL12000mm,881072,J002_SDP,Fase corretta,1
Fondazioni strutturali,ST_FON_PAL_PaloCalcestruzzo,ST_FON_PAL_PaloCalcestruzzo600mmL12000mm,881073,J002_SDP,Fase corretta,1
Fondazioni strutturali,ST_FON_PAL_PaloCalcestruzzo,ST_FON_PAL_PaloCalcestruzzo600mmL12000mm,882471,J002_SDP,Fase corretta,1
Fondazioni strutturali,ST_FON_PAL_PaloCalcestruzzo,ST_FON_PAL_PaloCalcestruzzo600mmL12000mm,882472,J002_SDP,Fase corretta,1
Fondazioni strutturali,ST_FON_PLT_Testata45Pali,ST_FON_PLT_Testata45Pali_9000x19750x1000mm,890320,J002_SDP,Fase corretta,1
Fondazioni strutturali,ST_FON_PAL_PaloCalcestruzzo,ST_FON_PAL_PaloCalcestruzzo600mmL12000mm,890321,J002_SDP,Fase corretta,1
Fondazioni strutturali,ST_FON_PAL_PaloCalcestruzzo,ST_FON_PAL_PaloCalcestruzzo600mmL12000mm,890322,J002_SDP,Fase corretta,1
Fondazioni strutturali,ST_FON_PAL_PaloCalcestruzzo,ST_FON_PAL_PaloCalcestruzzo600mmL12000mm,890323,J002_SDP,Fase corretta,1
Fondazioni strutturali,ST_FON_PAL_PaloCalcestruzzo,ST_FON_PAL_PaloCalcestruzzo600mmL12000mm,890324,J002_SDP,Fase corretta,1
Fondazioni strutturali,ST_FON_PAL_PaloCalcestruzzo,ST_FON_PAL_PaloCalcestruzzo600mmL12000mm,890325,J002_SDP,Fase corretta,1
Fondazioni strutturali,ST_FON_PAL_PaloCalcestruzzo,ST_FON_PAL_PaloCalcestruzzo600mmL12000mm,890326,J002_SDP,Fase corretta,1
Fondazioni strutturali,ST_FON_PAL_PaloCalcestruzzo,ST_FON_PAL_PaloCalcestruzzo600mmL12000mm,890327,J002_SDP,Fase corretta,1
Fondazioni strutturali,ST_FON_PAL_PaloCalcestruzzo,ST_FON_PAL_PaloCalcestruzzo600mmL12000mm,890328,J002_SDP,Fase corretta,1
Fondazioni strutturali,ST_FON_PAL_PaloCalcestruzzo,ST_FON_PAL_PaloCalcestruzzo600mmL12000mm,890329,J002_SDP,Fase corretta,1
Fondazioni strutturali,ST_FON_PAL_PaloCalcestruzzo,ST_FON_PAL_PaloCalcestruzzo600mmL12000mm,890330,J002_SDP,Fase corretta,1
Fondazioni strutturali,ST_FON_PAL_PaloCalcestruzzo,ST_FON_PAL_PaloCalcestruzzo600mmL12000mm,890331,J002_SDP,Fase corretta,1
Fondazioni strutturali,ST_FON_PAL_PaloCalcestruzzo,ST_FON_PAL_PaloCalcestruzzo600mmL12000mm,890332,J002_SDP,Fase corretta,1
Fondazioni strutturali,ST_FON_PAL_PaloCalcestruzzo,ST_FON_PAL_PaloCalcestruzzo600mmL12000mm,890333,J002_SDP,Fase corretta,1
Fondazioni strutturali,ST_FON_PAL_PaloCalcestruzzo,ST_FON_PAL_PaloCalcestruzzo600mmL12000mm,890334,J002_SDP,Fase corretta,1
Fondazioni strutturali,ST_FON_PAL_PaloCalcestruzzo,ST_FON_PAL_PaloCalcestruzzo600mmL12000mm,890335,J002_SDP,Fase corretta,1
Fondazioni strutturali,ST_FON_PAL_PaloCalcestruzzo,ST_FON_PAL_PaloCalcestruzzo600mmL12000mm,890336,J002_SDP,Fase corretta,1
Fondazioni strutturali,ST_FON_PAL_PaloCalcestruzzo,ST_FON_PAL_PaloCalcestruzzo600mmL12000mm,890337,J002_SDP,Fase corretta,1
Fondazioni strutturali,ST_FON_PAL_PaloCalcestruzzo,ST_FON_PAL_PaloCalcestruzzo600mmL12000mm,890338,J002_SDP,Fase corretta,1
Fondazioni strutturali,ST_FON_PAL_PaloCalcestruzzo,ST_FON_PAL_PaloCalcestruzzo600mmL12000mm,890339,J002_SDP,Fase corretta,1
Fondazioni strutturali,ST_FON_PAL_PaloCalcestruzzo,ST_FON_PAL_PaloCalcestruzzo600mmL12000mm,890340,J002_SDP,Fase corretta,1
Fondazioni strutturali,ST_FON_PAL_PaloCalcestruzzo,ST_FON_PAL_PaloCalcestruzzo600mmL12000mm,890341,J002_SDP,Fase corretta,1
Fondazioni strutturali,ST_FON_PAL_PaloCalcestruzzo,ST_FON_PAL_PaloCalcestruzzo600mmL12000mm,890342,J002_SDP,Fase corretta,1
Fondazioni strutturali,ST_FON_PAL_PaloCalcestruzzo,ST_FON_PAL_PaloCalcestruzzo600mmL12000mm,890343,J002_SDP,Fase corretta,1
Fondazioni strutturali,ST_FON_PAL_PaloCalcestruzzo,ST_FON_PAL_PaloCalcestruzzo600mmL12000mm,890344,J002_SDP,Fase corretta,1
Fondazioni strutturali,ST_FON_PAL_PaloCalcestruzzo,ST_FON_PAL_PaloCalcestruzzo600mmL12000mm,890345,J002_SDP,Fase corretta,1
Fondazioni strutturali,ST_FON_PAL_PaloCalcestruzzo,ST_FON_PAL_PaloCalcestruzzo600mmL12000mm,890346,J002_SDP,Fase corretta,1
Fondazioni strutturali,ST_FON_PAL_PaloCalcestruzzo,ST_FON_PAL_PaloCalcestruzzo600mmL12000mm,890347,J002_SDP,Fase corretta,1
Fondazioni strutturali,ST_FON_PAL_PaloCalcestruzzo,ST_FON_PAL_PaloCalcestruzzo600mmL12000mm,890348,J002_SDP,Fase corretta,1
Fondazioni strutturali,ST_FON_PAL_PaloCalcestruzzo,ST_FON_PAL_PaloCalcestruzzo600mmL12000mm,890349,J002_SDP,Fase corretta,1
Fondazioni strutturali,ST_FON_PAL_PaloCalcestruzzo,ST_FON_PAL_PaloCalcestruzzo600mmL12000mm,890350,J002_SDP,Fase corretta,1
Fondazioni strutturali,ST_FON_PAL_PaloCalcestruzzo,ST_FON_PAL_PaloCalcestruzzo600mmL12000mm,890351,J002_SDP,Fase corretta,1
Fondazioni strutturali,ST_FON_PAL_PaloCalcestruzzo,ST_FON_PAL_PaloCalcestruzzo600mmL12000mm,890352,J002_SDP,Fase corretta,1
Fondazioni strutturali,ST_FON_PAL_PaloCalcestruzzo,ST_FON_PAL_PaloCalcestruzzo600mmL12000mm,890353,J002_SDP,Fase corretta,1
Fondazioni strutturali,ST_FON_PAL_PaloCalcestruzzo,ST_FON_PAL_PaloCalcestruzzo600mmL12000mm,890354,J002_SDP,Fase corretta,1
Fondazioni strutturali,ST_FON_PAL_PaloCalcestruzzo,ST_FON_PAL_PaloCalcestruzzo600mmL12000mm,890355,J002_SDP,Fase corretta,1
Fondazioni strutturali,ST_FON_PAL_PaloCalcestruzzo,ST_FON_PAL_PaloCalcestruzzo600mmL12000mm,890356,J002_SDP,Fase corretta,1
Fondazioni strutturali,ST_FON_PAL_PaloCalcestruzzo,ST_FON_PAL_PaloCalcestruzzo600mmL12000mm,890357,J002_SDP,Fase corretta,1
Fondazioni strutturali,ST_FON_PAL_PaloCalcestruzzo,ST_FON_PAL_PaloCalcestruzzo600mmL12000mm,890358,J002_SDP,Fase corretta,1
Fondazioni strutturali,ST_FON_PAL_PaloCalcestruzzo,ST_FON_PAL_PaloCalcestruzzo600mmL12000mm,890359,J002_SDP,Fase corretta,1
Fondazioni strutturali,ST_FON_PAL_PaloCalcestruzzo,ST_FON_PAL_PaloCalcestruzzo600mmL12000mm,890360,J002_SDP,Fase corretta,1
Fondazioni strutturali,ST_FON_PAL_PaloCalcestruzzo,ST_FON_PAL_PaloCalcestruzzo600mmL12000mm,890361,J002_SDP,Fase corretta,1
Fondazioni strutturali,ST_FON_PAL_PaloCalcestruzzo,ST_FON_PAL_PaloCalcestruzzo600mmL12000mm,890362,J002_SDP,Fase corretta,1
Fondazioni strutturali,ST_FON_PAL_PaloCalcestruzzo,ST_FON_PAL_PaloCalcestruzzo600mmL12000mm,890363,J002_SDP,Fase corretta,1
Fondazioni strutturali,ST_FON_PAL_PaloCalcestruzzo,ST_FON_PAL_PaloCalcestruzzo600mmL12000mm,890364,J002_SDP,Fase corretta,1
Fondazioni strutturali,ST_FON_PAL_PaloCalcestruzzo,ST_FON_PAL_PaloCalcestruzzo600mmL12000mm,890365,J002_SDP,Fase corretta,1
Telaio strutturale,INC_TelST_TS.CA_Rettangolare,100x35,892754,J002_SDP,Fase corretta,1
Telaio strutturale,INC_TelST_TS.CA_Rettangolare,50x35,893104,J002_SDP,Fase corretta,1
Scale,Scala gettata in opera,ST_SCA_Car_250mm_HalfTurn,900716,J002_SDP,Fase corretta,1
Rampe,Rampa monolitica,ST_RMS_RET_Car_CalcestruzzoArmato,900717,J002_SDP,Fase corretta,1
Rampe,Rampa monolitica,ST_RMS_RET_Car_CalcestruzzoArmato,900719,J002_SDP,Fase corretta,1
Pianerottoli,Pianerottolo monolitico,ST_PIA_RET_Car_CalcestruzzoArmato,900721,J002_SDP,Fase corretta,1
Telaio strutturale,INC_TelST_TS.CA_Rettangolare,25x138,901751,J002_SDP,Fase corretta,1
Muri,Muro di base,ST_MUR_POR_300mm_CalcestruzzoArmato,906812,J002_SDP,Fase corretta,1
Telaio strutturale,INC_TelST_TS.CA_Rettangolare,30x60,908178,J002_SDP,Fase corretta,1
Telaio strutturale,INC_TelST_TS.CA_Rettangolare,60x60,908285,J002_SDP,Fase corretta,1
Telaio strutturale,INC_TelST_TS.CA_Rettangolare,60x60,909247,J002_SDP,Fase corretta,1
Telaio strutturale,INC_TelST_TS.CA_Rettangolare,30x60,909391,J002_SDP,Fase corretta,1
Pavimenti,Pavimento,ST_PAV_MST_130mm_MistoGrecato,910214,J002_SDP,Fase corretta,1
Telaio strutturale,INC_TelST_TS.CA_Rettangolare,25x138,917018,J002_SDP,Fase corretta,1
Telaio strutturale,INC_TelST_TS.CA_Rettangolare,25x138,917169,J002_SDP,Fase corretta,1
Porte,ST_POR_PRT_VarcoApertura,ST_POR_PRT_VarcoApertura_1280x2320mm,924733,J002_SDP,Fase corretta,1
Porte,ST_POR_PRT_VarcoApertura,ST_POR_PRT_VarcoApertura_1280x2320mm,924925,J002_SDP,Fase corretta,1
Porte,ST_POR_PRT_VarcoApertura,ST_POR_PRT_VarcoApertura_1280x2320mm,924926,J002_SDP,Fase corretta,1
Porte,ST_POR_PRT_VarcoApertura,ST_POR_PRT_VarcoApertura_1280x2320mm,925084,J002_SDP,Fase corretta,1
Porte,ST_POR_PRT_VarcoApertura,ST_POR_PRT_VarcoApertura_1280x2320mm,925085,J002_SDP,Fase corretta,1
Porte,ST_POR_PRT_VarcoApertura,ST_POR_PRT_VarcoApertura_1280x2320mm,925217,J002_SDP,Fase corretta,1
