Quantit√†,Modello,Nome della Famiglia,ID,Livello,Nome del Tipo,Stato
1,9nnn_J.002_028_PE_AR_M3_04_00,Controsoffitto composto:AR_CON_CPA_83mm_CI.05,1229141,Controsoffitto composto:AR_CON_CPA_83mm_CI.05,Corretta,1
1,9nnn_J.002_028_PE_AR_M3_04_00,Controsoffitto composto:AR_CON_CPA_83mm_CI.05,1229726,Controsoffitto composto:AR_CON_CPA_83mm_CI.05,Corretta,1
1,9nnn_J.002_028_PE_AR_M3_04_00,Controsoffitto composto:AR_CON_CPA_83mm_CI.05,1347785,Controsoffitto composto:AR_CON_CPA_83mm_CI.05,Corretta,1
1,9nnn_J.002_028_PE_AR_M3_04_00,Controsoffitto composto:AR_CON_CPA_83mm_CI.05,1347887,Controsoffitto composto:AR_CON_CPA_83mm_CI.05,Corretta,1
1,9nnn_J.002_028_PE_AR_M3_04_00,Controsoffitto composto:AR_CON_CPA_83mm_CI.05,1349265,Controsoffitto composto:AR_CON_CPA_83mm_CI.05,Corretta,1
1,9nnn_J.002_028_PE_AR_M3_04_00,Controsoffitto composto:AR_CON_CPA_83mm_CI.05,1349324,Controsoffitto composto:AR_CON_CPA_83mm_CI.05,Corretta,1
1,9nnn_J.002_028_PE_AR_M3_04_00,Controsoffitto composto:AR_CON_CPA_83mm_CI.05,1350122,Controsoffitto composto:AR_CON_CPA_83mm_CI.05,Corretta,1
1,9nnn_J.002_028_PE_AR_M3_04_00,Controsoffitto composto:AR_CON_CPA_83mm_CI.05,1350231,Controsoffitto composto:AR_CON_CPA_83mm_CI.05,Corretta,1
1,9nnn_J.002_028_PE_AR_M3_04_00,Controsoffitto composto:AR_CON_CPA_83mm_CI.05,1357697,Controsoffitto composto:AR_CON_CPA_83mm_CI.05,Corretta,1
1,9nnn_J.002_028_PE_AR_M3_04_00,Controsoffitto composto:AR_CON_CPA_83mm_CI.05,1357704,Controsoffitto composto:AR_CON_CPA_83mm_CI.05,Corretta,1
1,9nnn_J.002_028_PE_AR_M3_04_00,Controsoffitto composto:AR_CON_CPA_83mm_CI.05,1357805,Controsoffitto composto:AR_CON_CPA_83mm_CI.05,Corretta,1
1,9nnn_J.002_028_PE_AR_M3_04_00,Controsoffitto composto:AR_CON_CPA_83mm_CI.05,1357812,Controsoffitto composto:AR_CON_CPA_83mm_CI.05,Corretta,1
1,9nnn_J.002_028_PE_AR_M3_04_00,Controsoffitto composto:AR_CON_CPA_83mm_CI.05,1365509,Controsoffitto composto:AR_CON_CPA_83mm_CI.05,Corretta,1
1,9nnn_J.002_028_PE_AR_M3_04_00,Controsoffitto composto:AR_CON_CPA_83mm_CI.05,1365555,Controsoffitto composto:AR_CON_CPA_83mm_CI.05,Corretta,1
1,9nnn_J.002_028_PE_AR_M3_04_00,Controsoffitto composto:AR_CON_CPA_83mm_CI.05,1365617,Controsoffitto composto:AR_CON_CPA_83mm_CI.05,Corretta,1
1,9nnn_J.002_028_PE_AR_M3_04_00,Controsoffitto composto:AR_CON_CPA_83mm_CI.05,1365624,Controsoffitto composto:AR_CON_CPA_83mm_CI.05,Corretta,1
1,9nnn_J.002_028_PE_AR_M3_04_00,,744606,AR_ POR_BAT_Vet_2A_Simmetrica:AR_POR_BAT_Vet_2A_Simmetrica_1800x2400,Corretta,1
1,9nnn_J.002_028_PE_AR_M3_04_00,,744726,AR_ POR_BAT_Vet_2A_Simmetrica:AR_POR_BAT_Vet_2A_Simmetrica_1800x2400,Corretta,1
1,9nnn_J.002_028_PE_AR_M3_04_00,,744913,AR_ POR_BAT_Vet_2A_Simmetrica:AR_POR_BAT_Vet_2A_Simmetrica_1800x2400,Corretta,1
1,9nnn_J.002_028_PE_AR_M3_04_00,,744916,AR_ POR_BAT_Vet_2A_Simmetrica:AR_POR_BAT_Vet_2A_Simmetrica_1800x2400,Corretta,1
1,9nnn_J.002_028_PE_AR_M3_04_00,,744949,AR_ POR_BAT_Vet_2A_Simmetrica:AR_POR_BAT_Vet_2A_Simmetrica_2400x2400,Corretta,1
1,9nnn_J.002_028_PE_AR_M3_04_00,,744952,AR_ POR_BAT_Vet_2A_Simmetrica:AR_POR_BAT_Vet_2A_Simmetrica_2400x2400,Corretta,1
1,9nnn_J.002_028_PE_AR_M3_04_00,,1235457,AR_POR_BAT_Acc_1A_ManiglioneAntipanico:AR_POR_BAT_Acc_1A_ManiglioneAntipanico_900x2400,Corretta,1
1,9nnn_J.002_028_PE_AR_M3_04_00,,1335843,AR_POR_BAT_Acc_1A_ManiglioneAntipanico:AR_POR_BAT_Acc_1A_ManiglioneAntipanico_900x2400,Corretta,1
1,9nnn_J.002_028_PE_AR_M3_04_00,,1336408,AR_POR_BAT_Acc_1A_ManiglioneAntipanico:AR_POR_BAT_Acc_1A_ManiglioneAntipanico_900x2400,Corretta,1
1,9nnn_J.002_028_PE_AR_M3_04_00,,1344514,AR_POR_BAT_Acc_1A_ManiglioneAntipanico:AR_POR_BAT_Acc_1A_ManiglioneAntipanico_900x2400,Corretta,1
1,9nnn_J.002_028_PE_AR_M3_04_00,,1347276,AR_POR_BAT_Acc_1A_ManiglioneAntipanico:AR_POR_BAT_Acc_1A_ManiglioneAntipanico_900x2400,Corretta,1
1,9nnn_J.002_028_PE_AR_M3_04_00,,1347632,AR_POR_BAT_Acc_1A_ManiglioneAntipanico:AR_POR_BAT_Acc_1A_ManiglioneAntipanico_900x2400,Corretta,1
1,9nnn_J.002_028_PE_AR_M3_04_00,,1385887,AR_ POR_BAT_Vet_2A_Simmetrica:AR_POR_BAT_Vet_2A_Simmetrica_2400x2400,Corretta,1
1,9nnn_J.002_028_PE_AR_M3_04_00,,1385888,AR_ POR_BAT_Vet_2A_Simmetrica:AR_POR_BAT_Vet_2A_Simmetrica_2400x2400,Corretta,1
1,9nnn_J.002_028_PE_AR_M3_04_00,,1408407,AR_POR_BAT_Acc_1A_EI60:AR_POR_BAT_Acc_1A_EI30_900X2200,Corretta,1
1,9nnn_J.002_028_PE_AR_M3_04_00,,1409022,AR_POR_BAT_Acc_1A_EI60:AR_POR_BAT_Acc_1A_EI30_900X2200,Corretta,1
1,9nnn_J.002_028_PE_AR_M3_04_00,,1409610,AR_POR_BAT_Acc_1A_EI60:AR_POR_BAT_Acc_1A_EI30_900X2200,Corretta,1
1,9nnn_J.002_028_PE_AR_M3_04_00,,1340526,Tetto di base:AR_TET_PIA_468mm_PE.21,Corretta,1
1,9nnn_J.002_028_PE_AR_M3_04_00,,1340700,Tetto di base:AR_TET_PIA_468mm_PE.21,Corretta,1
1,9nnn_J.002_028_PE_AR_M3_04_00,,1340821,Tetto di base:AR_TET_PIA_253mm_PE.22,Corretta,1
1,9nnn_J.002_028_PE_AR_M3_04_00,,1341030,Tetto di base:AR_TET_PIA_468mm_PE.21,Corretta,1
1,9nnn_J.002_028_PE_AR_M3_04_00,,1341252,Tetto di base:AR_TET_PIA_468mm_PE.21,Corretta,1
1,9nnn_J.002_028_PE_AR_M3_04_00,Pavimento:AR_PAV_RIV_20mm_FL-002,1206369,FINISHING,Corretta,1
1,9nnn_J.002_028_PE_AR_M3_04_00,Pavimento:AR_PAV_RIV_20mm_FL-002,1206776,FINISHING,Corretta,1
1,9nnn_J.002_028_PE_AR_M3_04_00,Pianerottolo monolitico:AR_PAV_RIV_20mm_FL-002,1219841,Pianerottolo monolitico:AR_PAV_RIV_20mm_FL-002,Corretta,1
1,9nnn_J.002_028_PE_AR_M3_04_00,Pavimento:AR_PAV_RIV_20mm_FL-002,1221176,FINISHING,Corretta,1
1,9nnn_J.002_028_PE_AR_M3_04_00,Pianerottolo monolitico:AR_PAV_RIV_20mm_FL-002,1221523,Pianerottolo monolitico:AR_PAV_RIV_20mm_FL-002,Corretta,1
1,9nnn_J.002_028_PE_AR_M3_04_00,Pavimento:AR_PAV_RIV_20mm_FL-002,1221946,FINISHING,Corretta,1
1,9nnn_J.002_028_PE_AR_M3_04_00,Pavimento:AR_PAV_RIV_20mm_FL-002,1222034,FINISHING,Corretta,1
1,9nnn_J.002_028_PE_AR_M3_04_00,Pianerottolo monolitico:AR_PAV_RIV_20mm_FL-002,1222769,Pianerottolo monolitico:AR_PAV_RIV_20mm_FL-002,Corretta,1
1,9nnn_J.002_028_PE_AR_M3_04_00,Pianerottolo monolitico:AR_PAV_RIV_20mm_FL-002,1222946,Pianerottolo monolitico:AR_PAV_RIV_20mm_FL-002,Corretta,1
1,9nnn_J.002_028_PE_AR_M3_04_00,Pavimento:AR_PAV_RIV_20mm_FL-002,1223021,FINISHING,Corretta,1
1,9nnn_J.002_028_PE_AR_M3_04_00,Pavimento:AR_PAV_GET_780mm_PI.01,1223249,Pavimento:AR_PAV_GET_780mm_PI.01,Corretta,1
1,9nnn_J.002_028_PE_AR_M3_04_00,Pavimento:AR_PAV_RIV_20mm_FL-006,1234073,FINISHING,Corretta,1
1,9nnn_J.002_028_PE_AR_M3_04_00,Pavimento:AR_PAV_RIV_20mm_FL-006,1234135,FINISHING,Corretta,1
1,9nnn_J.002_028_PE_AR_M3_04_00,Pavimento:AR_PAV_RIV_20mm_FL-006,1235396,FINISHING,Corretta,1
7,9nnn_J.002_028_PE_AR_M3_04_00,Tetto di base:AR_TET_PIA_256mm_PE.22,1340440,Tetto di base:AR_TET_PIA_256mm_PE.22,Corretta,1
1,9nnn_J.002_028_PE_AR_M3_04_00,Tetto di base:AR_TET_PIA_468mm_PE.21,1340891,Tetto di base:AR_TET_PIA_468mm_PE.21,Corretta,1
8,9nnn_J.002_028_PE_AR_M3_04_00,Tetto di base:AR_TET_PIA_256mm_PE.22,1340977,Tetto di base:AR_TET_PIA_256mm_PE.22,Corretta,1
9,9nnn_J.002_028_PE_AR_M3_04_00,Tetto di base:AR_TET_PIA_256mm_PE.22,1341197,Tetto di base:AR_TET_PIA_256mm_PE.22,Corretta,1
1,9nnn_J.002_028_PE_AR_M3_04_00,Tetto di base:AR_TET_PIA_482mm_PE.21,1341430,Tetto di base:AR_TET_PIA_482mm_PE.21,Corretta,1
1,9nnn_J.002_028_PE_AR_M3_04_00,Tetto di base:AR_TET_PIA_482mm_PE.21,1341498,Tetto di base:AR_TET_PIA_482mm_PE.21,Corretta,1
1,9nnn_J.002_028_PE_AR_M3_04_00,Pavimento:AR_PAV_GET_30mm_PI.13,1344262,FINISHING,Corretta,1
1,9nnn_J.002_028_PE_AR_M3_04_00,Pavimento:AR_PAV_RIV_20mm_FL-006,1344433,FINISHING,Corretta,1
1,9nnn_J.002_028_PE_AR_M3_04_00,Pianerottolo monolitico:AR_PAV_RIV_20mm_FL-002,1345223,Pianerottolo monolitico:AR_PAV_RIV_20mm_FL-002,Corretta,1
1,9nnn_J.002_028_PE_AR_M3_04_00,Pavimento:AR_PAV_RIV_20mm_FL-002,1345783,FINISHING,Corretta,1
1,9nnn_J.002_028_PE_AR_M3_04_00,Pavimento:AR_PAV_GET_780mm_PI.01,1346002,Pavimento:AR_PAV_GET_780mm_PI.01,Corretta,1
1,9nnn_J.002_028_PE_AR_M3_04_00,Pavimento:AR_PAV_RIV_20mm_FL-006,1346025,FINISHING,Corretta,1
1,9nnn_J.002_028_PE_AR_M3_04_00,Pavimento:AR_PAV_GET_780mm_PI.01,1348240,Pavimento:AR_PAV_GET_780mm_PI.01,Corretta,1
1,9nnn_J.002_028_PE_AR_M3_04_00,Pavimento:AR_PAV_RIV_20mm_FL-002,1348330,FINISHING,Corretta,1
1,9nnn_J.002_028_PE_AR_M3_04_00,Pavimento:AR_PAV_GET_780mm_PI.01,1355205,Pavimento:AR_PAV_GET_780mm_PI.01,Corretta,1
1,9nnn_J.002_028_PE_AR_M3_04_00,Pavimento:AR_PAV_RIV_20mm_FL-002,1360684,FINISHING,Corretta,1
1,9nnn_J.002_028_PE_AR_M3_04_00,Pavimento:AR_PAV_GET_780mm_PI.01,1360790,Pavimento:AR_PAV_GET_780mm_PI.01,Corretta,1
1,9nnn_J.002_028_PE_AR_M3_04_00,Pavimento:AR_PAV_RIV_20mm_FL-002,1367677,FINISHING,Corretta,1
1,9nnn_J.002_028_PE_AR_M3_04_00,Pavimento:AR_PAV_GET_30mm_PI.13,1367688,FINISHING,Corretta,1
1,9nnn_J.002_028_PE_AR_M3_04_00,Pavimento:AR_PAV_RIV_20mm_FL-006,1367703,FINISHING,Corretta,1
1,9nnn_J.002_028_PE_AR_M3_04_00,Pavimento:AR_PAV_GET_50mm_PI.14,1368198,Pavimento:AR_PAV_GET_50mm_PI.14,Corretta,1
1,9nnn_J.002_028_PE_AR_M3_04_00,Pavimento:AR_PAV_GET_50mm_PI.14,1368294,Pavimento:AR_PAV_GET_50mm_PI.14,Corretta,1
1,9nnn_J.002_028_PE_AR_M3_04_00,Pavimento:AR_PAV_GET_50mm_PI.14,1369113,Pavimento:AR_PAV_GET_50mm_PI.14,Corretta,1
1,9nnn_J.002_028_PE_AR_M3_04_00,Pavimento:AR_PAV_GET_50mm_PI.14,1369143,Pavimento:AR_PAV_GET_50mm_PI.14,Corretta,1
1,9nnn_J.002_028_PE_AR_M3_04_00,Pavimento:AR_PAV_GET_50mm_PI.14,1369230,Pavimento:AR_PAV_GET_50mm_PI.14,Corretta,1
1,9nnn_J.002_028_PE_AR_M3_04_00,Pavimento:AR_PAV_GET_50mm_PI.14,1369292,Pavimento:AR_PAV_GET_50mm_PI.14,Corretta,1
7,9nnn_J.002_028_PE_AR_M3_04_00,Tetto di base:AR_TET_PIA_256mm_PE.22,1383875,Tetto di base:AR_TET_PIA_256mm_PE.22,Corretta,1
1,9nnn_J.002_028_PE_AR_M3_04_00,Pavimento:AR_PAV_GET_1450mm_PI.04,1402461,Pavimento:AR_PAV_GET_1450mm_PI.04,Corretta,1
1,9nnn_J.002_028_PE_AR_M3_04_00,Pavimento:AR_PAV_GET_1450mm_PI.04,1404694,Pavimento:AR_PAV_GET_1450mm_PI.04,Corretta,1
1,9nnn_J.002_028_PE_AR_M3_04_00,Pavimento:AR_PAV_GET_1450mm_PI.04,1404765,Pavimento:AR_PAV_GET_1450mm_PI.04,Corretta,1
1,9nnn_J.002_028_PE_AR_M3_04_00,Pavimento:AR_PAV_GET_1450mm_PI.04,1404863,Pavimento:AR_PAV_GET_1450mm_PI.04,Corretta,1
1,9nnn_J.002_028_PE_AR_M3_04_00,Pavimento:AR_PAV_GET_1450mm_PI.04,1404964,Pavimento:AR_PAV_GET_1450mm_PI.04,Corretta,1
1,9nnn_J.002_028_PE_AR_M3_04_00,Pavimento:AR_PAV_RIV_20mm_FL-006,1409739,FINISHING,Corretta,1
1,9nnn_J.002_028_PE_AR_M3_04_00,Pavimento:AR_PAV_RIV_20mm_FL-006,1409826,FINISHING,Corretta,1
1,9nnn_J.002_028_PE_AR_M3_04_00,Pavimento:AR_PAV_RIV_20mm_FL-006,1409974,FINISHING,Corretta,1
1,9nnn_J.002_028_PE_AR_M3_04_00,Scala gettata in opera:AR_SCA_ASS_FL-002_20mm,1219683,Scala gettata in opera:AR_SCA_ASS_FL-002_20mm,Corretta,1
1,9nnn_J.002_028_PE_AR_M3_04_00,Scala gettata in opera:AR_SCA_ASS_FL-002_20mm,1221305,Scala gettata in opera:AR_SCA_ASS_FL-002_20mm,Corretta,1
1,9nnn_J.002_028_PE_AR_M3_04_00,Scala gettata in opera:AR_SCA_ASS_FL-002_20mm,1222764,Scala gettata in opera:AR_SCA_ASS_FL-002_20mm,Corretta,1
1,9nnn_J.002_028_PE_AR_M3_04_00,Scala gettata in opera:AR_SCA_ASS_FL-002_20mm,1222941,Scala gettata in opera:AR_SCA_ASS_FL-002_20mm,Corretta,1
1,9nnn_J.002_028_PE_AR_M3_04_00,Scala gettata in opera:AR_SCA_ASS_FL-002_20mm,1345218,Scala gettata in opera:AR_SCA_ASS_FL-002_20mm,Corretta,1
1,9nnn_J.002_028_PE_AR_M3_04_00,Rampa monolitica:AR_SCA_ASS_FL-002_20mm,1219794,Rampa monolitica:AR_SCA_ASS_FL-002_20mm,Corretta,1
1,9nnn_J.002_028_PE_AR_M3_04_00,Rampa monolitica:AR_SCA_ASS_FL-002_20mm,1220051,Rampa monolitica:AR_SCA_ASS_FL-002_20mm,Corretta,1
1,9nnn_J.002_028_PE_AR_M3_04_00,Rampa monolitica:AR_SCA_ASS_FL-002_20mm,1221343,Rampa monolitica:AR_SCA_ASS_FL-002_20mm,Corretta,1
1,9nnn_J.002_028_PE_AR_M3_04_00,Rampa monolitica:AR_SCA_ASS_FL-002_20mm,1221708,Rampa monolitica:AR_SCA_ASS_FL-002_20mm,Corretta,1
1,9nnn_J.002_028_PE_AR_M3_04_00,Rampa monolitica:AR_SCA_ASS_FL-002_20mm,1222765,Rampa monolitica:AR_SCA_ASS_FL-002_20mm,Corretta,1
1,9nnn_J.002_028_PE_AR_M3_04_00,Rampa monolitica:AR_SCA_ASS_FL-002_20mm,1222775,Rampa monolitica:AR_SCA_ASS_FL-002_20mm,Corretta,1
1,9nnn_J.002_028_PE_AR_M3_04_00,Rampa monolitica:AR_SCA_ASS_FL-002_20mm,1222942,Rampa monolitica:AR_SCA_ASS_FL-002_20mm,Corretta,1
1,9nnn_J.002_028_PE_AR_M3_04_00,Rampa monolitica:AR_SCA_ASS_FL-002_20mm,1222952,Rampa monolitica:AR_SCA_ASS_FL-002_20mm,Corretta,1
1,9nnn_J.002_028_PE_AR_M3_04_00,Rampa monolitica:AR_SCA_ASS_FL-002_20mm,1345219,Rampa monolitica:AR_SCA_ASS_FL-002_20mm,Corretta,1
1,9nnn_J.002_028_PE_AR_M3_04_00,Rampa monolitica:AR_SCA_ASS_FL-002_20mm,1345229,Rampa monolitica:AR_SCA_ASS_FL-002_20mm,Corretta,1
1,9nnn_J.002_028_PE_AR_M3_04_00,Muro di base:AR_MUR_DIV_200mm_MI.01,744495,FINISHING,Corretta,1
1,9nnn_J.002_028_PE_AR_M3_04_00,Muro di base:AR_MUR_DIV_200mm_MI.01,744532,FINISHING,Corretta,1
1,9nnn_J.002_028_PE_AR_M3_04_00,Muro di base:AR_MUR_DIV_200mm_MI.01,744554,FINISHING,Corretta,1
1,9nnn_J.002_028_PE_AR_M3_04_00,Muro di base:AR_MUR_DIV_200mm_MI.01,744580,FINISHING,Corretta,1
1,9nnn_J.002_028_PE_AR_M3_04_00,Muro di base:AR_MUR_DIV_200mm_MI.01,744909,FINISHING,Corretta,1
1,9nnn_J.002_028_PE_AR_M3_04_00,Muro di base:AR_MUR_DIV_200mm_MI.01,744910,FINISHING,Corretta,1
1,9nnn_J.002_028_PE_AR_M3_04_00,Muro di base:AR_MUR_DIV_200mm_MI.01,744911,FINISHING,Corretta,1
1,9nnn_J.002_028_PE_AR_M3_04_00,Muro di base:AR_MUR_DIV_200mm_MI.01,744912,FINISHING,Corretta,1
1,9nnn_J.002_028_PE_AR_M3_04_00,Muro di base:AR_MUR_DIV_200mm_MI.01,744945,FINISHING,Corretta,1
1,9nnn_J.002_028_PE_AR_M3_04_00,Muro di base:AR_MUR_DIV_200mm_MI.01,744946,FINISHING,Corretta,1
1,9nnn_J.002_028_PE_AR_M3_04_00,Muro di base:AR_MUR_DIV_200mm_MI.01,744947,FINISHING,Corretta,1
1,9nnn_J.002_028_PE_AR_M3_04_00,Muro di base:AR_MUR_DIV_200mm_MI.01,744948,FINISHING,Corretta,1
1,9nnn_J.002_028_PE_AR_M3_04_00,Muro di base:AR_MUR_DIV_200mm_MI.01,745127,FINISHING,Corretta,1
1,9nnn_J.002_028_PE_AR_M3_04_00,Muro di base:AR_MUR_DIV_200mm_MI.01,745128,FINISHING,Corretta,1
1,9nnn_J.002_028_PE_AR_M3_04_00,Muro di base:AR_MUR_DIV_200mm_MI.01,745129,FINISHING,Corretta,1
1,9nnn_J.002_028_PE_AR_M3_04_00,Muro di base:AR_MUR_DIV_200mm_MI.01,745130,FINISHING,Corretta,1
1,9nnn_J.002_028_PE_AR_M3_04_00,Muro di base:AR_MUR_DIV_200mm_MI.01,1219301,FINISHING,Corretta,1
1,9nnn_J.002_028_PE_AR_M3_04_00,Muro di base:AR_MUR_DIV_200mm_MI.01,1219409,FINISHING,Corretta,1
1,9nnn_J.002_028_PE_AR_M3_04_00,Muro di base:AR_MUR_DIV_200mm_MI.01,1220783,FINISHING,Corretta,1
1,9nnn_J.002_028_PE_AR_M3_04_00,Muro di base:AR_MUR_DIV_200mm_MI.01,1225050,FINISHING,Corretta,1
1,9nnn_J.002_028_PE_AR_M3_04_00,Muro di base:AR_MUR_DIV_200mm_MI.01,1225108,FINISHING,Corretta,1
1,9nnn_J.002_028_PE_AR_M3_04_00,Muro di base:AR_MUR_RIV_20mm_R.08,1226041,FINISHING,Corretta,1
1,9nnn_J.002_028_PE_AR_M3_04_00,Muro di base:AR_MUR_RIV_20mm_R.08,1226072,FINISHING,Corretta,1
1,9nnn_J.002_028_PE_AR_M3_04_00,Muro di base:AR_MUR_RIV_20mm_R.08,1226199,FINISHING,Corretta,1
1,9nnn_J.002_028_PE_AR_M3_04_00,Muro di base:AR_MUR_RIV_20mm_R.08,1226228,FINISHING,Corretta,1
1,9nnn_J.002_028_PE_AR_M3_04_00,Muro di base:AR_MUR_RIV_20mm_R.08,1226757,FINISHING,Corretta,1
1,9nnn_J.002_028_PE_AR_M3_04_00,Muro di base:AR_MUR_RIV_20mm_R.08,1226842,FINISHING,Corretta,1
1,9nnn_J.002_028_PE_AR_M3_04_00,Muro di base:AR_MUR_RIV_20mm_R.08,1226897,FINISHING,Corretta,1
1,9nnn_J.002_028_PE_AR_M3_04_00,Muro di base:AR_MUR_RIV_20mm_R.08,1228544,FINISHING,Corretta,1
1,9nnn_J.002_028_PE_AR_M3_04_00,Muro di base:AR_MUR_RIV_20mm_R.08,1229267,FINISHING,Corretta,1
1,9nnn_J.002_028_PE_AR_M3_04_00,Muro di base:AR_MUR_RIV_20mm_R.08,1229325,FINISHING,Corretta,1
1,9nnn_J.002_028_PE_AR_M3_04_00,Muro di base:AR_MUR_RIV_20mm_R.08,1229419,FINISHING,Corretta,1
1,9nnn_J.002_028_PE_AR_M3_04_00,Muro di base:AR_MUR_RIV_20mm_R.08,1229465,FINISHING,Corretta,1
1,9nnn_J.002_028_PE_AR_M3_04_00,Muro di base:AR_MUR_RIV_20mm_R.08,1229503,FINISHING,Corretta,1
1,9nnn_J.002_028_PE_AR_M3_04_00,Muro di base:AR_MUR_RIV_20mm_R.08,1229970,FINISHING,Corretta,1
1,9nnn_J.002_028_PE_AR_M3_04_00,Muro di base:AR_MUR_RIV_20mm_R.08,1230021,FINISHING,Corretta,1
1,9nnn_J.002_028_PE_AR_M3_04_00,Muro di base:AR_CON_CPA_67mm_CI.09,1232234,FINISHING,Corretta,1
1,9nnn_J.002_028_PE_AR_M3_04_00,Muro di base:AR_MUR_RIV_20mm_R.08,1233496,FINISHING,Corretta,1
1,9nnn_J.002_028_PE_AR_M3_04_00,Muro di base:AR_MUR_RIV_20mm_R.08,1233544,FINISHING,Corretta,1
1,9nnn_J.002_028_PE_AR_M3_04_00,Muro di base:AR_MUR_RIV_20mm_R.08,1233606,FINISHING,Corretta,1
1,9nnn_J.002_028_PE_AR_M3_04_00,Muro di base:AR_MUR_RIV_20mm_R.08,1233686,FINISHING,Corretta,1
1,9nnn_J.002_028_PE_AR_M3_04_00,Muro di base:AR_MUR_RIV_20mm_R.08,1233750,FINISHING,Corretta,1
1,9nnn_J.002_028_PE_AR_M3_04_00,Muro di base:AR_MUR_DIV_200mm_MI.01,1235145,FINISHING,Corretta,1
1,9nnn_J.002_028_PE_AR_M3_04_00,Muro di base:AR_MUR_RIV_20mm_R.08,1342497,FINISHING,Corretta,1
1,9nnn_J.002_028_PE_AR_M3_04_00,Muro di base:AR_MUR_RIV_20mm_R.08,1342538,FINISHING,Corretta,1
1,9nnn_J.002_028_PE_AR_M3_04_00,Muro di base:AR_MUR_RIV_20mm_R.08,1342577,FINISHING,Corretta,1
1,9nnn_J.002_028_PE_AR_M3_04_00,Muro di base:AR_MUR_RIV_20mm_R.08,1342602,FINISHING,Corretta,1
1,9nnn_J.002_028_PE_AR_M3_04_00,Muro di base:AR_MUR_RIV_20mm_R.08,1345241,FINISHING,Corretta,1
1,9nnn_J.002_028_PE_AR_M3_04_00,Muro di base:AR_MUR_RIV_20mm_R.08,1345242,FINISHING,Corretta,1
1,9nnn_J.002_028_PE_AR_M3_04_00,Muro di base:AR_MUR_RIV_20mm_R.08,1345243,FINISHING,Corretta,1
1,9nnn_J.002_028_PE_AR_M3_04_00,Muro di base:AR_MUR_RIV_20mm_R.08,1345244,FINISHING,Corretta,1
1,9nnn_J.002_028_PE_AR_M3_04_00,Muro di base:AR_MUR_RIV_20mm_R.08,1345245,FINISHING,Corretta,1
1,9nnn_J.002_028_PE_AR_M3_04_00,Muro di base:AR_MUR_RIV_20mm_R.08,1345246,FINISHING,Corretta,1
1,9nnn_J.002_028_PE_AR_M3_04_00,Muro di base:AR_MUR_RIV_20mm_R.08,1345247,FINISHING,Corretta,1
1,9nnn_J.002_028_PE_AR_M3_04_00,Muro di base:AR_MUR_RIV_20mm_R.08,1345248,FINISHING,Corretta,1
1,9nnn_J.002_028_PE_AR_M3_04_00,Muro di base:AR_MUR_RIV_20mm_R.08,1345249,FINISHING,Corretta,1
1,9nnn_J.002_028_PE_AR_M3_04_00,Muro di base:AR_MUR_RIV_20mm_R.08,1345250,FINISHING,Corretta,1
1,9nnn_J.002_028_PE_AR_M3_04_00,Muro di base:AR_MUR_RIV_20mm_R.08,1345251,FINISHING,Corretta,1
1,9nnn_J.002_028_PE_AR_M3_04_00,Muro di base:AR_MUR_RIV_20mm_R.08,1345252,FINISHING,Corretta,1
1,9nnn_J.002_028_PE_AR_M3_04_00,Muro di base:AR_MUR_RIV_20mm_R.08,1345253,FINISHING,Corretta,1
1,9nnn_J.002_028_PE_AR_M3_04_00,Muro di base:AR_MUR_RIV_20mm_R.08,1345254,FINISHING,Corretta,1
1,9nnn_J.002_028_PE_AR_M3_04_00,Muro di base:AR_MUR_RIV_20mm_R.08,1345255,FINISHING,Corretta,1
1,9nnn_J.002_028_PE_AR_M3_04_00,Muro di base:AR_MUR_RIV_20mm_R.08,1345363,FINISHING,Corretta,1
1,9nnn_J.002_028_PE_AR_M3_04_00,Muro di base:AR_MUR_RIV_20mm_R.08,1345364,FINISHING,Corretta,1
1,9nnn_J.002_028_PE_AR_M3_04_00,Muro di base:AR_MUR_RIV_20mm_R.08,1345365,FINISHING,Corretta,1
1,9nnn_J.002_028_PE_AR_M3_04_00,Muro di base:AR_MUR_RIV_20mm_R.08,1345519,FINISHING,Corretta,1
1,9nnn_J.002_028_PE_AR_M3_04_00,Muro di base:AR_MUR_RIV_20mm_R.08,1345520,FINISHING,Corretta,1
1,9nnn_J.002_028_PE_AR_M3_04_00,Muro di base:AR_MUR_RIV_20mm_R.08,1345521,FINISHING,Corretta,1
1,9nnn_J.002_028_PE_AR_M3_04_00,Muro di base:AR_MUR_RIV_20mm_R.08,1345522,FINISHING,Corretta,1
1,9nnn_J.002_028_PE_AR_M3_04_00,Muro di base:AR_MUR_DIV_200mm_MI.01,1345665,FINISHING,Corretta,1
1,9nnn_J.002_028_PE_AR_M3_04_00,Muro di base:AR_MUR_DIV_200mm_MI.01,1346209,FINISHING,Corretta,1
1,9nnn_J.002_028_PE_AR_M3_04_00,Muro di base:AR_MUR_DIV_200mm_MI.01,1346210,FINISHING,Corretta,1
1,9nnn_J.002_028_PE_AR_M3_04_00,Muro di base:AR_MUR_RIV_20mm_R.08,1346211,FINISHING,Corretta,1
1,9nnn_J.002_028_PE_AR_M3_04_00,Muro di base:AR_MUR_DIV_200mm_MI.01,1346872,FINISHING,Corretta,1
1,9nnn_J.002_028_PE_AR_M3_04_00,Muro di base:AR_MUR_RIV_20mm_R.08,1347123,FINISHING,Corretta,1
1,9nnn_J.002_028_PE_AR_M3_04_00,Muro di base:AR_MUR_RIV_20mm_R.08,1347124,FINISHING,Corretta,1
1,9nnn_J.002_028_PE_AR_M3_04_00,Muro di base:AR_MUR_RIV_20mm_R.08,1347125,FINISHING,Corretta,1
1,9nnn_J.002_028_PE_AR_M3_04_00,Muro di base:AR_MUR_DIV_200mm_MI.01,1347143,FINISHING,Corretta,1
1,9nnn_J.002_028_PE_AR_M3_04_00,Muro di base:AR_MUR_RIV_20mm_R.08,1348674,FINISHING,Corretta,1
1,9nnn_J.002_028_PE_AR_M3_04_00,Muro di base:AR_MUR_RIV_20mm_R.08,1348750,FINISHING,Corretta,1
1,9nnn_J.002_028_PE_AR_M3_04_00,Muro di base:AR_MUR_RIV_20mm_R.08,1348799,FINISHING,Corretta,1
1,9nnn_J.002_028_PE_AR_M3_04_00,Muro di base:AR_MUR_RIV_20mm_R.08,1348959,FINISHING,Corretta,1
1,9nnn_J.002_028_PE_AR_M3_04_00,Muro di base:AR_MUR_RIV_20mm_R.08,1349119,FINISHING,Corretta,1
1,9nnn_J.002_028_PE_AR_M3_04_00,Muro di base:AR_MUR_RIV_20mm_R.08,1349120,FINISHING,Corretta,1
1,9nnn_J.002_028_PE_AR_M3_04_00,Muro di base:AR_MUR_RIV_20mm_R.08,1349121,FINISHING,Corretta,1
1,9nnn_J.002_028_PE_AR_M3_04_00,Muro di base:AR_MUR_RIV_20mm_R.08,1349122,FINISHING,Corretta,1
1,9nnn_J.002_028_PE_AR_M3_04_00,Muro di base:AR_MUR_RIV_20mm_R.08,1349497,FINISHING,Corretta,1
1,9nnn_J.002_028_PE_AR_M3_04_00,Muro di base:AR_MUR_RIV_20mm_R.08,1349601,FINISHING,Corretta,1
1,9nnn_J.002_028_PE_AR_M3_04_00,Muro di base:AR_MUR_RIV_20mm_R.08,1349665,FINISHING,Corretta,1
1,9nnn_J.002_028_PE_AR_M3_04_00,Muro di base:AR_MUR_RIV_20mm_R.08,1349778,FINISHING,Corretta,1
1,9nnn_J.002_028_PE_AR_M3_04_00,Muro di base:AR_MUR_RIV_20mm_R.08,1349832,FINISHING,Corretta,1
1,9nnn_J.002_028_PE_AR_M3_04_00,Muro di base:AR_MUR_RIV_20mm_R.08,1349895,FINISHING,Corretta,1
1,9nnn_J.002_028_PE_AR_M3_04_00,Muro di base:AR_MUR_RIV_20mm_R.08,1350036,FINISHING,Corretta,1
1,9nnn_J.002_028_PE_AR_M3_04_00,Muro di base:AR_MUR_RIV_20mm_R.08,1350037,FINISHING,Corretta,1
1,9nnn_J.002_028_PE_AR_M3_04_00,Muro di base:AR_MUR_RIV_20mm_R.08,1350038,FINISHING,Corretta,1
1,9nnn_J.002_028_PE_AR_M3_04_00,Muro di base:AR_MUR_RIV_20mm_R.08,1350039,FINISHING,Corretta,1
1,9nnn_J.002_028_PE_AR_M3_04_00,Muro di base:AR_MUR_RIV_20mm_R.08,1350040,FINISHING,Corretta,1
1,9nnn_J.002_028_PE_AR_M3_04_00,Muro di base:AR_MUR_RIV_20mm_R.08,1350041,FINISHING,Corretta,1
1,9nnn_J.002_028_PE_AR_M3_04_00,Muro di base:AR_MUR_DIV_200mm_MI.01,1350596,FINISHING,Corretta,1
1,9nnn_J.002_028_PE_AR_M3_04_00,Muro di base:AR_MUR_RIV_20mm_R.08,1350798,FINISHING,Corretta,1
1,9nnn_J.002_028_PE_AR_M3_04_00,Muro di base:AR_MUR_DIV_200mm_MI.01,1350913,FINISHING,Corretta,1
1,9nnn_J.002_028_PE_AR_M3_04_00,Muro di base:AR_MUR_RIV_20mm_R.08,1350988,FINISHING,Corretta,1
1,9nnn_J.002_028_PE_AR_M3_04_00,Muro di base:AR_MUR_RIV_20mm_R.08,1355558,FINISHING,Corretta,1
1,9nnn_J.002_028_PE_AR_M3_04_00,Muro di base:AR_MUR_RIV_20mm_R.08,1355657,FINISHING,Corretta,1
1,9nnn_J.002_028_PE_AR_M3_04_00,Muro di base:AR_MUR_RIV_20mm_R.08,1355700,FINISHING,Corretta,1
1,9nnn_J.002_028_PE_AR_M3_04_00,Muro di base:AR_MUR_RIV_20mm_R.08,1355770,FINISHING,Corretta,1
1,9nnn_J.002_028_PE_AR_M3_04_00,Muro di base:AR_MUR_RIV_20mm_R.08,1356241,FINISHING,Corretta,1
1,9nnn_J.002_028_PE_AR_M3_04_00,Muro di base:AR_MUR_RIV_20mm_R.08,1356330,FINISHING,Corretta,1
1,9nnn_J.002_028_PE_AR_M3_04_00,Muro di base:AR_MUR_RIV_20mm_R.08,1356410,FINISHING,Corretta,1
1,9nnn_J.002_028_PE_AR_M3_04_00,Muro di base:AR_MUR_RIV_20mm_R.08,1356522,FINISHING,Corretta,1
1,9nnn_J.002_028_PE_AR_M3_04_00,Muro di base:AR_MUR_RIV_20mm_R.08,1356563,FINISHING,Corretta,1
1,9nnn_J.002_028_PE_AR_M3_04_00,Muro di base:AR_MUR_RIV_20mm_R.08,1356701,FINISHING,Corretta,1
1,9nnn_J.002_028_PE_AR_M3_04_00,Muro di base:AR_MUR_RIV_20mm_R.08,1356859,FINISHING,Corretta,1
1,9nnn_J.002_028_PE_AR_M3_04_00,Muro di base:AR_MUR_RIV_20mm_R.08,1356860,FINISHING,Corretta,1
1,9nnn_J.002_028_PE_AR_M3_04_00,Muro di base:AR_MUR_RIV_20mm_R.08,1356861,FINISHING,Corretta,1
1,9nnn_J.002_028_PE_AR_M3_04_00,Muro di base:AR_MUR_RIV_20mm_R.08,1356862,FINISHING,Corretta,1
1,9nnn_J.002_028_PE_AR_M3_04_00,Muro di base:AR_MUR_RIV_20mm_R.08,1356925,FINISHING,Corretta,1
1,9nnn_J.002_028_PE_AR_M3_04_00,Muro di base:AR_MUR_RIV_20mm_R.08,1357219,FINISHING,Corretta,1
1,9nnn_J.002_028_PE_AR_M3_04_00,Muro di base:AR_MUR_RIV_20mm_R.08,1357402,FINISHING,Corretta,1
1,9nnn_J.002_028_PE_AR_M3_04_00,Muro di base:AR_MUR_RIV_20mm_R.08,1357403,FINISHING,Corretta,1
1,9nnn_J.002_028_PE_AR_M3_04_00,Muro di base:AR_MUR_RIV_20mm_R.08,1357404,FINISHING,Corretta,1
1,9nnn_J.002_028_PE_AR_M3_04_00,Muro di base:AR_MUR_DIV_200mm_MI.01,1358730,FINISHING,Corretta,1
1,9nnn_J.002_028_PE_AR_M3_04_00,Muro di base:AR_MUR_DIV_200mm_MI.01,1358795,FINISHING,Corretta,1
1,9nnn_J.002_028_PE_AR_M3_04_00,Muro di base:AR_MUR_RIV_20mm_R.08,1359269,FINISHING,Corretta,1
1,9nnn_J.002_028_PE_AR_M3_04_00,Muro di base:AR_MUR_RIV_20mm_R.08,1359690,FINISHING,Corretta,1
1,9nnn_J.002_028_PE_AR_M3_04_00,Muro di base:AR_MUR_RIV_20mm_R.08,1359813,FINISHING,Corretta,1
1,9nnn_J.002_028_PE_AR_M3_04_00,Muro di base:AR_MUR_DIV_200mm_MI.01,1361066,FINISHING,Corretta,1
1,9nnn_J.002_028_PE_AR_M3_04_00,Muro di base:AR_MUR_DIV_200mm_MI.01,1361139,FINISHING,Corretta,1
1,9nnn_J.002_028_PE_AR_M3_04_00,Muro di base:AR_MUR_RIV_20mm_R.08,1361223,FINISHING,Corretta,1
1,9nnn_J.002_028_PE_AR_M3_04_00,Muro di base:AR_MUR_RIV_20mm_R.08,1361299,FINISHING,Corretta,1
1,9nnn_J.002_028_PE_AR_M3_04_00,Muro di base:AR_MUR_RIV_20mm_R.08,1361338,FINISHING,Corretta,1
1,9nnn_J.002_028_PE_AR_M3_04_00,Muro di base:AR_MUR_RIV_20mm_R.08,1361448,FINISHING,Corretta,1
1,9nnn_J.002_028_PE_AR_M3_04_00,Muro di base:AR_MUR_RIV_20mm_R.08,1361676,FINISHING,Corretta,1
1,9nnn_J.002_028_PE_AR_M3_04_00,Muro di base:AR_MUR_RIV_20mm_R.08,1361796,FINISHING,Corretta,1
1,9nnn_J.002_028_PE_AR_M3_04_00,Muro di base:AR_MUR_RIV_20mm_R.08,1361860,FINISHING,Corretta,1
1,9nnn_J.002_028_PE_AR_M3_04_00,Muro di base:AR_MUR_RIV_20mm_R.08,1361953,FINISHING,Corretta,1
1,9nnn_J.002_028_PE_AR_M3_04_00,Muro di base:AR_MUR_RIV_20mm_R.08,1362141,FINISHING,Corretta,1
1,9nnn_J.002_028_PE_AR_M3_04_00,Muro di base:AR_MUR_RIV_20mm_R.08,1362171,FINISHING,Corretta,1
1,9nnn_J.002_028_PE_AR_M3_04_00,Muro di base:AR_MUR_RIV_20mm_R.08,1362300,FINISHING,Corretta,1
1,9nnn_J.002_028_PE_AR_M3_04_00,Muro di base:AR_MUR_RIV_20mm_R.08,1363503,FINISHING,Corretta,1
1,9nnn_J.002_028_PE_AR_M3_04_00,Muro di base:AR_MUR_RIV_20mm_R.08,1363562,FINISHING,Corretta,1
1,9nnn_J.002_028_PE_AR_M3_04_00,Muro di base:AR_MUR_RIV_20mm_R.08,1363591,FINISHING,Corretta,1
1,9nnn_J.002_028_PE_AR_M3_04_00,Muro di base:AR_MUR_RIV_20mm_R.08,1363674,FINISHING,Corretta,1
1,9nnn_J.002_028_PE_AR_M3_04_00,Muro di base:AR_MUR_RIV_20mm_R.08,1363749,FINISHING,Corretta,1
1,9nnn_J.002_028_PE_AR_M3_04_00,Muro di base:AR_MUR_RIV_20mm_R.08,1363804,FINISHING,Corretta,1
1,9nnn_J.002_028_PE_AR_M3_04_00,Muro di base:AR_MUR_RIV_20mm_R.08,1363839,FINISHING,Corretta,1
1,9nnn_J.002_028_PE_AR_M3_04_00,Muro di base:AR_MUR_RIV_20mm_R.08,1363895,FINISHING,Corretta,1
1,9nnn_J.002_028_PE_AR_M3_04_00,Muro di base:AR_MUR_RIV_20mm_R.08,1363935,FINISHING,Corretta,1
1,9nnn_J.002_028_PE_AR_M3_04_00,Muro di base:AR_MUR_RIV_20mm_R.08,1364008,FINISHING,Corretta,1
1,9nnn_J.002_028_PE_AR_M3_04_00,Muro di base:AR_CON_CPA_67mm_CI.09,1367867,FINISHING,Corretta,1
1,9nnn_J.002_028_PE_AR_M3_04_00,Muro di base:AR_CON_CPA_67mm_CI.09,1368572,FINISHING,Corretta,1
1,9nnn_J.002_028_PE_AR_M3_04_00,Muro di base:AR_CON_CPA_67mm_CI.09,1369362,FINISHING,Corretta,1
1,9nnn_J.002_028_PE_AR_M3_04_00,Muro di base:AR_MUR_DIV_200mm_MI.01,1405321,FINISHING,Corretta,1
1,9nnn_J.002_028_PE_AR_M3_04_00,Muro di base:AR_MUR_RIV_20mm_R.08,1405353,FINISHING,Corretta,1
1,9nnn_J.002_028_PE_AR_M3_04_00,Muro di base:AR_MUR_RIV_20mm_R.08,1405364,FINISHING,Corretta,1
1,9nnn_J.002_028_PE_AR_M3_04_00,Muro di base:AR_MUR_RIV_20mm_R.08,1405406,FINISHING,Corretta,1
1,9nnn_J.002_028_PE_AR_M3_04_00,Muro di base:AR_MUR_RIV_20mm_R.08,1405453,FINISHING,Corretta,1
1,9nnn_J.002_028_PE_AR_M3_04_00,Muro di base:AR_MUR_DIV_200mm_MI.01,1405499,FINISHING,Corretta,1
1,9nnn_J.002_028_PE_AR_M3_04_00,Muro di base:AR_MUR_RIV_20mm_R.08,1405526,FINISHING,Corretta,1
1,9nnn_J.002_028_PE_AR_M3_04_00,Muro di base:AR_MUR_RIV_20mm_R.08,1405559,FINISHING,Corretta,1
1,9nnn_J.002_028_PE_AR_M3_04_00,Muro di base:AR_MUR_RIV_20mm_R.08,1405634,FINISHING,Corretta,1
1,9nnn_J.002_028_PE_AR_M3_04_00,Muro di base:AR_MUR_RIV_20mm_R.08,1408658,FINISHING,Corretta,1
1,9nnn_J.002_028_PE_AR_M3_04_00,Muro di base:AR_MUR_DIV_200mm_MI.01,1408770,FINISHING,Corretta,1
1,9nnn_J.002_028_PE_AR_M3_04_00,Muro di base:AR_MUR_RIV_20mm_R.08,1408846,FINISHING,Corretta,1
1,9nnn_J.002_028_PE_AR_M3_04_00,Muro di base:AR_MUR_RIV_20mm_R.08,1408879,FINISHING,Corretta,1
1,9nnn_J.002_028_PE_AR_M3_04_00,Muro di base:AR_MUR_RIV_20mm_R.08,1408897,FINISHING,Corretta,1
1,9nnn_J.002_028_PE_AR_M3_04_00,Muro di base:AR_MUR_RIV_20mm_R.08,1408953,FINISHING,Corretta,1
1,9nnn_J.002_028_PE_AR_M3_04_00,Muro di base:AR_MUR_DIV_200mm_MI.01,1408954,FINISHING,Corretta,1
1,9nnn_J.002_028_PE_AR_M3_04_00,Muro di base:AR_MUR_RIV_20mm_R.08,1408955,FINISHING,Corretta,1
1,9nnn_J.002_028_PE_AR_M3_04_00,Muro di base:AR_MUR_RIV_20mm_R.08,1409012,FINISHING,Corretta,1
1,9nnn_J.002_028_PE_AR_M3_04_00,Muro di base:AR_MUR_RIV_20mm_R.08,1409259,FINISHING,Corretta,1
1,9nnn_J.002_028_PE_AR_M3_04_00,Muro di base:AR_MUR_DIV_200mm_MI.01,1409322,FINISHING,Corretta,1
1,9nnn_J.002_028_PE_AR_M3_04_00,Muro di base:AR_MUR_RIV_20mm_R.08,1409350,FINISHING,Corretta,1
1,9nnn_J.002_028_PE_AR_M3_04_00,Muro di base:AR_MUR_RIV_20mm_R.08,1409379,FINISHING,Corretta,1
1,9nnn_J.002_028_PE_AR_M3_04_00,Muro di base:AR_MUR_RIV_20mm_R.08,1409411,FINISHING,Corretta,1
1,9nnn_J.002_028_PE_AR_M3_04_00,Muro di base:AR_MUR_RIV_20mm_R.08,1409543,FINISHING,Corretta,1
1,9nnn_J.002_028_PE_AR_M3_04_00,Muro di base:AR_MUR_DIV_200mm_MI.01,1409544,FINISHING,Corretta,1
1,9nnn_J.002_028_PE_AR_M3_04_00,Muro di base:AR_MUR_RIV_20mm_R.08,1409545,FINISHING,Corretta,1
1,9nnn_J.002_028_PE_AR_M3_04_00,Muro di base:AR_MUR_RIV_20mm_R.08,1409603,FINISHING,Corretta,1
1,9nnn_J.002_028_PE_AR_M3_04_00,Controsoffitto composto:AR_CON_CPA_83mm_CI.05,1229141,AR_LIV_PE_P01_+5.20m,Corretta,1
1,9nnn_J.002_028_PE_AR_M3_04_00,Controsoffitto composto:AR_CON_CPA_83mm_CI.05,1229726,AR_LIV_PE_P00_+0.00m,Corretta,1
1,9nnn_J.002_028_PE_AR_M3_04_00,Controsoffitto composto:AR_CON_CPA_83mm_CI.05,1347785,AR_LIV_PE_P01_+5.20m,Corretta,1
1,9nnn_J.002_028_PE_AR_M3_04_00,Controsoffitto composto:AR_CON_CPA_83mm_CI.05,1347887,AR_LIV_PE_P00_+0.00m,Corretta,1
1,9nnn_J.002_028_PE_AR_M3_04_00,Controsoffitto composto:AR_CON_CPA_83mm_CI.05,1349265,AR_LIV_PE_P00_+0.00m,Corretta,1
1,9nnn_J.002_028_PE_AR_M3_04_00,Controsoffitto composto:AR_CON_CPA_83mm_CI.05,1349324,AR_LIV_PE_P01_+5.20m,Corretta,1
1,9nnn_J.002_028_PE_AR_M3_04_00,Controsoffitto composto:AR_CON_CPA_83mm_CI.05,1350122,AR_LIV_PE_P01_+5.20m,Corretta,1
1,9nnn_J.002_028_PE_AR_M3_04_00,Controsoffitto composto:AR_CON_CPA_83mm_CI.05,1350231,AR_LIV_PE_P00_+0.00m,Corretta,1
1,9nnn_J.002_028_PE_AR_M3_04_00,Controsoffitto composto:AR_CON_CPA_83mm_CI.05,1357697,AR_LIV_PE_P00_+0.00m,Corretta,1
1,9nnn_J.002_028_PE_AR_M3_04_00,Controsoffitto composto:AR_CON_CPA_83mm_CI.05,1357704,AR_LIV_PE_P00_+0.00m,Corretta,1
1,9nnn_J.002_028_PE_AR_M3_04_00,Controsoffitto composto:AR_CON_CPA_83mm_CI.05,1357805,AR_LIV_PE_P01_+5.20m,Corretta,1
1,9nnn_J.002_028_PE_AR_M3_04_00,Controsoffitto composto:AR_CON_CPA_83mm_CI.05,1357812,AR_LIV_PE_P01_+5.20m,Corretta,1
1,9nnn_J.002_028_PE_AR_M3_04_00,Controsoffitto composto:AR_CON_CPA_83mm_CI.05,1365509,AR_LIV_PE_P00_+0.00m,Corretta,1
1,9nnn_J.002_028_PE_AR_M3_04_00,Controsoffitto composto:AR_CON_CPA_83mm_CI.05,1365555,AR_LIV_PE_P00_+0.00m,Corretta,1
1,9nnn_J.002_028_PE_AR_M3_04_00,Controsoffitto composto:AR_CON_CPA_83mm_CI.05,1365617,AR_LIV_PE_P01_+5.20m,Corretta,1
1,9nnn_J.002_028_PE_AR_M3_04_00,Controsoffitto composto:AR_CON_CPA_83mm_CI.05,1365624,AR_LIV_PE_P01_+5.20m,Corretta,1
1,9nnn_J.002_028_PE_AR_M3_04_00,AR_ POR_BAT_Vet_2A_Simmetrica:AR_POR_BAT_Vet_2A_Simmetrica_1800x2400,744606,AR_LIV_PE_P01_+5.20m,Corretta,1
1,9nnn_J.002_028_PE_AR_M3_04_00,AR_ POR_BAT_Vet_2A_Simmetrica:AR_POR_BAT_Vet_2A_Simmetrica_1800x2400,744726,AR_LIV_PE_P01_+5.20m,Corretta,1
1,9nnn_J.002_028_PE_AR_M3_04_00,AR_ POR_BAT_Vet_2A_Simmetrica:AR_POR_BAT_Vet_2A_Simmetrica_1800x2400,744913,AR_LIV_PE_P01_+5.20m,Corretta,1
1,9nnn_J.002_028_PE_AR_M3_04_00,AR_ POR_BAT_Vet_2A_Simmetrica:AR_POR_BAT_Vet_2A_Simmetrica_1800x2400,744916,AR_LIV_PE_P01_+5.20m,Corretta,1
1,9nnn_J.002_028_PE_AR_M3_04_00,AR_ POR_BAT_Vet_2A_Simmetrica:AR_POR_BAT_Vet_2A_Simmetrica_2400x2400,744949,AR_LIV_PE_P01_+5.20m,Corretta,1
1,9nnn_J.002_028_PE_AR_M3_04_00,AR_ POR_BAT_Vet_2A_Simmetrica:AR_POR_BAT_Vet_2A_Simmetrica_2400x2400,744952,AR_LIV_PE_P01_+5.20m,Corretta,1
1,9nnn_J.002_028_PE_AR_M3_04_00,AR_POR_BAT_Acc_1A_ManiglioneAntipanico:AR_POR_BAT_Acc_1A_ManiglioneAntipanico_900x2400,1235457,AR_LIV_PE_P00_+0.00m,Corretta,1
1,9nnn_J.002_028_PE_AR_M3_04_00,AR_POR_BAT_Acc_1A_ManiglioneAntipanico:AR_POR_BAT_Acc_1A_ManiglioneAntipanico_900x2400,1335843,AR_LIV_PE_P00_+0.00m,Corretta,1
1,9nnn_J.002_028_PE_AR_M3_04_00,AR_POR_BAT_Acc_1A_ManiglioneAntipanico:AR_POR_BAT_Acc_1A_ManiglioneAntipanico_900x2400,1336408,AR_LIV_PE_P00_+0.00m,Corretta,1
1,9nnn_J.002_028_PE_AR_M3_04_00,AR_POR_BAT_Acc_1A_ManiglioneAntipanico:AR_POR_BAT_Acc_1A_ManiglioneAntipanico_900x2400,1344514,AR_LIV_PE_P01_+5.20m,Corretta,1
1,9nnn_J.002_028_PE_AR_M3_04_00,AR_POR_BAT_Acc_1A_ManiglioneAntipanico:AR_POR_BAT_Acc_1A_ManiglioneAntipanico_900x2400,1347276,AR_LIV_PE_P00_+0.00m,Corretta,1
1,9nnn_J.002_028_PE_AR_M3_04_00,AR_POR_BAT_Acc_1A_ManiglioneAntipanico:AR_POR_BAT_Acc_1A_ManiglioneAntipanico_900x2400,1347632,AR_LIV_PE_P01_+5.20m,Corretta,1
1,9nnn_J.002_028_PE_AR_M3_04_00,AR_ POR_BAT_Vet_2A_Simmetrica:AR_POR_BAT_Vet_2A_Simmetrica_2400x2400,1385887,AR_LIV_PE_P01_+5.20m,Corretta,1
1,9nnn_J.002_028_PE_AR_M3_04_00,AR_ POR_BAT_Vet_2A_Simmetrica:AR_POR_BAT_Vet_2A_Simmetrica_2400x2400,1385888,AR_LIV_PE_P01_+5.20m,Corretta,1
1,9nnn_J.002_028_PE_AR_M3_04_00,AR_POR_BAT_Acc_1A_EI60:AR_POR_BAT_Acc_1A_EI30_900X2200,1408407,AR_LIV_PE_P00_+0.00m,Corretta,1
1,9nnn_J.002_028_PE_AR_M3_04_00,AR_POR_BAT_Acc_1A_EI60:AR_POR_BAT_Acc_1A_EI30_900X2200,1409022,AR_LIV_PE_P00_+0.00m,Corretta,1
1,9nnn_J.002_028_PE_AR_M3_04_00,AR_POR_BAT_Acc_1A_EI60:AR_POR_BAT_Acc_1A_EI30_900X2200,1409610,AR_LIV_PE_P00_+0.00m,Corretta,1
1,9nnn_J.002_028_PE_AR_M3_04_00,,1340440,Tetto di base:AR_TET_PIA_256mm_PE.22,rinominare primo campo con FA,0
1,9nnn_J.002_028_PE_AR_M3_04_00,,1340891,Tetto di base:AR_TET_PIA_468mm_PE.21,rinominare primo campo con FA,0
1,9nnn_J.002_028_PE_AR_M3_04_00,,1340977,Tetto di base:AR_TET_PIA_256mm_PE.22,rinominare primo campo con FA,0
1,9nnn_J.002_028_PE_AR_M3_04_00,,1341197,Tetto di base:AR_TET_PIA_256mm_PE.22,rinominare primo campo con FA,0
1,9nnn_J.002_028_PE_AR_M3_04_00,,1341430,Tetto di base:AR_TET_PIA_482mm_PE.21,rinominare primo campo con FA,0
1,9nnn_J.002_028_PE_AR_M3_04_00,,1341498,Tetto di base:AR_TET_PIA_482mm_PE.21,rinominare primo campo con FA,0
1,9nnn_J.002_028_PE_AR_M3_04_00,,1383875,Tetto di base:AR_TET_PIA_256mm_PE.22,rinominare primo campo con FA,0
3,9nnn_J.002_028_PE_AR_M3_04_00,,1335843,,rinominare primo campo con FA,0
3,9nnn_J.002_028_PE_AR_M3_04_00,,1344514,,rinominare primo campo con FA,0
1,9nnn_J.002_028_PE_AR_M3_04_00,,1230306,,rinominare primo campo con FA,0
1,9nnn_J.002_028_PE_AR_M3_04_00,,1341697,,rinominare primo campo con FA,0
1,9nnn_J.002_028_PE_AR_M3_04_00,,1231494,,rinominare primo campo con FA,0
1,9nnn_J.002_028_PE_AR_M3_04_00,,1230966,,rinominare primo campo con FA,0
1,9nnn_J.002_028_PE_AR_M3_04_00,,1341817,,rinominare primo campo con FA,0
1,9nnn_J.002_028_PE_AR_M3_04_00,,1379028,,rinominare primo campo con FA,0
1,9nnn_J.002_028_PE_AR_M3_04_00,,1332675,,rinominare primo campo con FA,0
1,9nnn_J.002_028_PE_AR_M3_04_00,,1234012,,rinominare primo campo con FA,0
3,9nnn_J.002_028_PE_AR_M3_04_00,,1336408,,rinominare primo campo con FA,0
2,9nnn_J.002_028_PE_AR_M3_04_00,,1235457,,rinominare primo campo con FA,0
1,9nnn_J.002_028_PE_AR_M3_04_00,,1345433,,rinominare primo campo con FA,0
1,9nnn_J.002_028_PE_AR_M3_04_00,,1345488,,rinominare primo campo con FA,0
1,9nnn_J.002_028_PE_AR_M3_04_00,,1345299,,rinominare primo campo con FA,0
1,9nnn_J.002_028_PE_AR_M3_04_00,,1345270,,rinominare primo campo con FA,0
1,9nnn_J.002_028_PE_AR_M3_04_00,,1345506,,rinominare primo campo con FA,0
1,9nnn_J.002_028_PE_AR_M3_04_00,,1345454,,rinominare primo campo con FA,0
3,9nnn_J.002_028_PE_AR_M3_04_00,,1347632,,rinominare primo campo con FA,0
1,9nnn_J.002_028_PE_AR_M3_04_00,,1346228,,rinominare primo campo con FA,0
3,9nnn_J.002_028_PE_AR_M3_04_00,,1347276,,rinominare primo campo con FA,0
1,9nnn_J.002_028_PE_AR_M3_04_00,,1347135,,rinominare primo campo con FA,0
1,9nnn_J.002_028_PE_AR_M3_04_00,,1347158,,rinominare primo campo con FA,0
1,9nnn_J.002_028_PE_AR_M3_04_00,,1352317,,rinominare primo campo con FA,0
1,9nnn_J.002_028_PE_AR_M3_04_00,,1369704,,rinominare primo campo con FA,0
1,9nnn_J.002_028_PE_AR_M3_04_00,,1352856,,rinominare primo campo con FA,0
1,9nnn_J.002_028_PE_AR_M3_04_00,,1352993,,rinominare primo campo con FA,0
1,9nnn_J.002_028_PE_AR_M3_04_00,,1370144,,rinominare primo campo con FA,0
1,9nnn_J.002_028_PE_AR_M3_04_00,,1353708,,rinominare primo campo con FA,0
1,9nnn_J.002_028_PE_AR_M3_04_00,,1351995,,rinominare primo campo con FA,0
1,9nnn_J.002_028_PE_AR_M3_04_00,,1352128,,rinominare primo campo con FA,0
1,9nnn_J.002_028_PE_AR_M3_04_00,,1369504,,rinominare primo campo con FA,0
1,9nnn_J.002_028_PE_AR_M3_04_00,,1351254,,rinominare primo campo con FA,0
1,9nnn_J.002_028_PE_AR_M3_04_00,,1351337,,rinominare primo campo con FA,0
1,9nnn_J.002_028_PE_AR_M3_04_00,,1357651,,rinominare primo campo con FA,0
1,9nnn_J.002_028_PE_AR_M3_04_00,,1358876,,rinominare primo campo con FA,0
1,9nnn_J.002_028_PE_AR_M3_04_00,,1358423,,rinominare primo campo con FA,0
1,9nnn_J.002_028_PE_AR_M3_04_00,,1358946,,rinominare primo campo con FA,0
1,9nnn_J.002_028_PE_AR_M3_04_00,,1359948,,rinominare primo campo con FA,0
1,9nnn_J.002_028_PE_AR_M3_04_00,,1359958,,rinominare primo campo con FA,0
1,9nnn_J.002_028_PE_AR_M3_04_00,,1359968,,rinominare primo campo con FA,0
1,9nnn_J.002_028_PE_AR_M3_04_00,,1359978,,rinominare primo campo con FA,0
1,9nnn_J.002_028_PE_AR_M3_04_00,,1359988,,rinominare primo campo con FA,0
1,9nnn_J.002_028_PE_AR_M3_04_00,,1359998,,rinominare primo campo con FA,0
1,9nnn_J.002_028_PE_AR_M3_04_00,,1360008,,rinominare primo campo con FA,0
1,9nnn_J.002_028_PE_AR_M3_04_00,,1360018,,rinominare primo campo con FA,0
1,9nnn_J.002_028_PE_AR_M3_04_00,,1360028,,rinominare primo campo con FA,0
1,9nnn_J.002_028_PE_AR_M3_04_00,,1360038,,rinominare primo campo con FA,0
1,9nnn_J.002_028_PE_AR_M3_04_00,,1360048,,rinominare primo campo con FA,0
1,9nnn_J.002_028_PE_AR_M3_04_00,,1360068,,rinominare primo campo con FA,0
1,9nnn_J.002_028_PE_AR_M3_04_00,,1360058,,rinominare primo campo con FA,0
1,9nnn_J.002_028_PE_AR_M3_04_00,,1362543,,rinominare primo campo con FA,0
1,9nnn_J.002_028_PE_AR_M3_04_00,,1361539,,rinominare primo campo con FA,0
1,9nnn_J.002_028_PE_AR_M3_04_00,,1362848,,rinominare primo campo con FA,0
1,9nnn_J.002_028_PE_AR_M3_04_00,,1362838,,rinominare primo campo con FA,0
1,9nnn_J.002_028_PE_AR_M3_04_00,,1362828,,rinominare primo campo con FA,0
1,9nnn_J.002_028_PE_AR_M3_04_00,,1362818,,rinominare primo campo con FA,0
1,9nnn_J.002_028_PE_AR_M3_04_00,,1362808,,rinominare primo campo con FA,0
1,9nnn_J.002_028_PE_AR_M3_04_00,,1362798,,rinominare primo campo con FA,0
1,9nnn_J.002_028_PE_AR_M3_04_00,,1362788,,rinominare primo campo con FA,0
1,9nnn_J.002_028_PE_AR_M3_04_00,,1362778,,rinominare primo campo con FA,0
1,9nnn_J.002_028_PE_AR_M3_04_00,,1362768,,rinominare primo campo con FA,0
1,9nnn_J.002_028_PE_AR_M3_04_00,,1362758,,rinominare primo campo con FA,0
1,9nnn_J.002_028_PE_AR_M3_04_00,,1362748,,rinominare primo campo con FA,0
1,9nnn_J.002_028_PE_AR_M3_04_00,,1362738,,rinominare primo campo con FA,0
1,9nnn_J.002_028_PE_AR_M3_04_00,,1365085,,rinominare primo campo con FA,0
1,9nnn_J.002_028_PE_AR_M3_04_00,,1364870,,rinominare primo campo con FA,0
1,9nnn_J.002_028_PE_AR_M3_04_00,,1370717,,rinominare primo campo con FA,0
1,9nnn_J.002_028_PE_AR_M3_04_00,,1370856,,rinominare primo campo con FA,0
1,9nnn_J.002_028_PE_AR_M3_04_00,,1364228,,rinominare primo campo con FA,0
3,9nnn_J.002_028_PE_AR_M3_04_00,,1408407,,rinominare primo campo con FA,0
1,9nnn_J.002_028_PE_AR_M3_04_00,,1408880,,rinominare primo campo con FA,0
3,9nnn_J.002_028_PE_AR_M3_04_00,,1409022,,rinominare primo campo con FA,0
3,9nnn_J.002_028_PE_AR_M3_04_00,,1409610,,rinominare primo campo con FA,0
1,9nnn_J.002_028_PE_AR_M3_04_00,,1409604,,rinominare primo campo con FA,0
1,9nnn_J.002_028_PE_AR_M3_04_00,,744606,,rinominare primo campo con FA,0
1,9nnn_J.002_028_PE_AR_M3_04_00,,744726,,rinominare primo campo con FA,0
1,9nnn_J.002_028_PE_AR_M3_04_00,,744913,,rinominare primo campo con FA,0
1,9nnn_J.002_028_PE_AR_M3_04_00,,744916,,rinominare primo campo con FA,0
1,9nnn_J.002_028_PE_AR_M3_04_00,,744949,,rinominare primo campo con FA,0
1,9nnn_J.002_028_PE_AR_M3_04_00,,744952,,rinominare primo campo con FA,0
1,9nnn_J.002_028_PE_AR_M3_04_00,,1385887,,rinominare primo campo con FA,0
1,9nnn_J.002_028_PE_AR_M3_04_00,,1385888,,rinominare primo campo con FA,0
1,9nnn_J.002_028_PE_AR_M3_04_00,Area 1:601352,,Area 1:601352,rinominare primo campo con FA,0
1,9nnn_J.002_028_PE_AR_M3_04_00,L.T. A_LOT_023:1342030,,L.T. A_LOT_023:1342030,rinominare primo campo con FA,0
1,9nnn_J.002_028_PE_AR_M3_04_00,L.T. A_LOT_024:1342036,,L.T. A_LOT_024:1342036,rinominare primo campo con FA,0
1,9nnn_J.002_028_PE_AR_M3_04_00,Circolazione A_CIR_023:1342447,,Circolazione A_CIR_023:1342447,rinominare primo campo con FA,0
1,9nnn_J.002_028_PE_AR_M3_04_00,L.T. A_LOT_025:1347938,,L.T. A_LOT_025:1347938,rinominare primo campo con FA,0
1,9nnn_J.002_028_PE_AR_M3_04_00,L.T. A_LOT_026:1347939,,L.T. A_LOT_026:1347939,rinominare primo campo con FA,0
1,9nnn_J.002_028_PE_AR_M3_04_00,Circolazione A_CIR_024:1347940,,Circolazione A_CIR_024:1347940,rinominare primo campo con FA,0
1,9nnn_J.002_028_PE_AR_M3_04_00,L.T. A_LOT_027:1365699,,L.T. A_LOT_027:1365699,rinominare primo campo con FA,0
1,9nnn_J.002_028_PE_AR_M3_04_00,Circolazione A_CIR_026:1365773,,Circolazione A_CIR_026:1365773,rinominare primo campo con FA,0
1,9nnn_J.002_028_PE_AR_M3_04_00,Circolazione A_CIR_027:1365942,,Circolazione A_CIR_027:1365942,rinominare primo campo con FA,0
1,9nnn_J.002_028_PE_AR_M3_04_00,Circolazione A_CIR_028:1366226,,Circolazione A_CIR_028:1366226,rinominare primo campo con FA,0
1,9nnn_J.002_028_PE_AR_M3_04_00,L.T. A_LOT_028:1366237,,L.T. A_LOT_028:1366237,rinominare primo campo con FA,0
1,9nnn_J.002_028_PE_AR_M3_04_00,Circolazione A_CIR_030:1366250,,Circolazione A_CIR_030:1366250,rinominare primo campo con FA,0
1,9nnn_J.002_028_PE_AR_M3_04_00,Circolazione B_CIR_025:1370971,,Circolazione B_CIR_025:1370971,rinominare primo campo con FA,0
1,9nnn_J.002_028_PE_AR_M3_04_00,Circolazione B_CIR_026:1370972,,Circolazione B_CIR_026:1370972,rinominare primo campo con FA,0
1,9nnn_J.002_028_PE_AR_M3_04_00,Circolazione B_CIR_027:1370986,,Circolazione B_CIR_027:1370986,rinominare primo campo con FA,0
1,9nnn_J.002_028_PE_AR_M3_04_00,Circolazione B_CIR_028:1370987,,Circolazione B_CIR_028:1370987,rinominare primo campo con FA,0
1,9nnn_J.002_028_PE_AR_M3_04_00,Circolazione B_CIR_029:1370997,,Circolazione B_CIR_029:1370997,rinominare primo campo con FA,0
1,9nnn_J.002_028_PE_AR_M3_04_00,Circolazione B_CIR_030:1370998,,Circolazione B_CIR_030:1370998,rinominare primo campo con FA,0
1,9nnn_J.002_028_PE_AR_M3_04_00,Circolazione B_CIR_031:1371990,,Circolazione B_CIR_031:1371990,rinominare primo campo con FA,0
1,9nnn_J.002_028_PE_AR_M3_04_00,Circolazione B_CIR_032:1371999,,Circolazione B_CIR_032:1371999,rinominare primo campo con FA,0
1,9nnn_J.002_028_PE_AR_M3_04_00,L.T. B_LOT_025:1372023,,L.T. B_LOT_025:1372023,rinominare primo campo con FA,0
1,9nnn_J.002_028_PE_AR_M3_04_00,L.T. B_LOT_026:1372032,,L.T. B_LOT_026:1372032,rinominare primo campo con FA,0
1,9nnn_J.002_028_PE_AR_M3_04_00,Circolazione A_CIR_025:1410056,,Circolazione A_CIR_025:1410056,rinominare primo campo con FA,0
1,9nnn_J.002_028_PE_AR_M3_04_00,L.T. A_LOT_029:1410058,,L.T. A_LOT_029:1410058,rinominare primo campo con FA,0
1,9nnn_J.002_028_PE_AR_M3_04_00,L.T. A_LOT_030:1410062,,L.T. A_LOT_030:1410062,rinominare primo campo con FA,0
1,9nnn_J.002_028_PE_AR_M3_04_00,L.T. A_LOT_031:1410064,,L.T. A_LOT_031:1410064,rinominare primo campo con FA,0
1,9nnn_J.002_028_PE_AR_M3_04_00,L.T. A_LOT_032:1410073,,L.T. A_LOT_032:1410073,rinominare primo campo con FA,0
1,9nnn_J.002_028_PE_AR_M3_04_00,Circolazione A_CIR_029:1410319,,Circolazione A_CIR_029:1410319,rinominare primo campo con FA,0
1,9nnn_J.002_028_PE_AR_M3_04_00,SCALE A_SCA_010:1410410,,SCALE A_SCA_010:1410410,rinominare primo campo con FA,0
1,9nnn_J.002_028_PE_AR_M3_04_00,SCALE A_SCA_011:1410452,,SCALE A_SCA_011:1410452,rinominare primo campo con FA,0
1,9nnn_J.002_028_PE_AR_M3_04_00,SCALE A_SCA_012:1410551,,SCALE A_SCA_012:1410551,rinominare primo campo con FA,0
1,9nnn_J.002_028_PE_AR_M3_04_00,SCALE A_SCA_013:1410684,,SCALE A_SCA_013:1410684,rinominare primo campo con FA,0
1,9nnn_J.002_028_PE_AR_M3_04_00,SCALE A_SCA_014:1410724,,SCALE A_SCA_014:1410724,rinominare primo campo con FA,0
1,9nnn_J.002_028_PE_AR_M3_04_00,Muro di base:AR_CON_CPA_67mm_CI.09,1232234,AR_LIV_PE_P00_+0.00m,IfcWall,Errore nomenclatura,0
1,9nnn_J.002_028_PE_AR_M3_04_00,Muro di base:AR_CON_CPA_67mm_CI.09,1367867,AR_LIV_PE_P00_+0.00m,IfcWall,Errore nomenclatura,0
1,9nnn_J.002_028_PE_AR_M3_04_00,Muro di base:AR_CON_CPA_67mm_CI.09,1368572,AR_LIV_PE_P00_+0.00m,IfcWall,Errore nomenclatura,0
1,9nnn_J.002_028_PE_AR_M3_04_00,Muro di base:AR_CON_CPA_67mm_CI.09,1369362,AR_LIV_PE_P00_+0.00m,IfcWall,Errore nomenclatura,0
1,9nnn_J.002_028_PE_AR_M3_04_00,Pavimento:AR_PAV_GET_780mm_PI.01,1223249,AR_LIV_PE_P00_+0.00m,Corretta,1
1,9nnn_J.002_028_PE_AR_M3_04_00,Pavimento:AR_PAV_GET_780mm_PI.01,1346002,AR_LIV_PE_P00_+0.00m,Corretta,1
1,9nnn_J.002_028_PE_AR_M3_04_00,Pavimento:AR_PAV_GET_780mm_PI.01,1348240,AR_LIV_PE_P00_+0.00m,Corretta,1
1,9nnn_J.002_028_PE_AR_M3_04_00,Pavimento:AR_PAV_GET_780mm_PI.01,1355205,AR_LIV_PE_P00_+0.00m,Corretta,1
1,9nnn_J.002_028_PE_AR_M3_04_00,Pavimento:AR_PAV_GET_780mm_PI.01,1360790,AR_LIV_PE_P00_+0.00m,Corretta,1
1,9nnn_J.002_028_PE_AR_M3_04_00,Pavimento:AR_PAV_GET_50mm_PI.14,1368198,ST_LIV_PE_P01_+5.08m,Corretta,1
1,9nnn_J.002_028_PE_AR_M3_04_00,Pavimento:AR_PAV_GET_50mm_PI.14,1368294,ST_LIV_PE_P01_+5.08m,Corretta,1
1,9nnn_J.002_028_PE_AR_M3_04_00,Pavimento:AR_PAV_GET_50mm_PI.14,1369113,AR_LIV_PE_P01_+5.20m,Corretta,1
1,9nnn_J.002_028_PE_AR_M3_04_00,Pavimento:AR_PAV_GET_50mm_PI.14,1369143,AR_LIV_PE_P01_+5.20m,Corretta,1
1,9nnn_J.002_028_PE_AR_M3_04_00,Pavimento:AR_PAV_GET_50mm_PI.14,1369230,AR_LIV_PE_P01_+5.20m,Corretta,1
1,9nnn_J.002_028_PE_AR_M3_04_00,Pavimento:AR_PAV_GET_50mm_PI.14,1369292,AR_LIV_PE_P01_+5.20m,Corretta,1
1,9nnn_J.002_028_PE_AR_M3_04_00,Pavimento:AR_PAV_GET_1450mm_PI.04,1402461,AR_LIV_PE_P00_+0.00m,Corretta,1
1,9nnn_J.002_028_PE_AR_M3_04_00,Pavimento:AR_PAV_GET_1450mm_PI.04,1404694,AR_LIV_PE_P00_+0.00m,Corretta,1
1,9nnn_J.002_028_PE_AR_M3_04_00,Pavimento:AR_PAV_GET_1450mm_PI.04,1404765,AR_LIV_PE_P00_+0.00m,Corretta,1
1,9nnn_J.002_028_PE_AR_M3_04_00,Pavimento:AR_PAV_GET_1450mm_PI.04,1404863,AR_LIV_PE_P00_+0.00m,Corretta,1
1,9nnn_J.002_028_PE_AR_M3_04_00,Pavimento:AR_PAV_GET_1450mm_PI.04,1404964,AR_LIV_PE_P00_+0.00m,Corretta,1
1,9nnn_J.002_028_PE_AR_M3_04_00,Pianerottolo monolitico:AR_PAV_RIV_20mm_FL-002,1219841,AR_LIV_PE_P00_+0.00m,Errore nomenclatura,0
1,9nnn_J.002_028_PE_AR_M3_04_00,Pianerottolo monolitico:AR_PAV_RIV_20mm_FL-002,1221523,AR_LIV_PE_P00_+0.00m,Errore nomenclatura,0
1,9nnn_J.002_028_PE_AR_M3_04_00,Pianerottolo monolitico:AR_PAV_RIV_20mm_FL-002,1222769,AR_LIV_PE_P00_+0.00m,Errore nomenclatura,0
1,9nnn_J.002_028_PE_AR_M3_04_00,Pianerottolo monolitico:AR_PAV_RIV_20mm_FL-002,1222946,AR_LIV_PE_P00_+0.00m,Errore nomenclatura,0
1,9nnn_J.002_028_PE_AR_M3_04_00,Pianerottolo monolitico:AR_PAV_RIV_20mm_FL-002,1345223,AR_LIV_PE_P00_+0.00m,Errore nomenclatura,0