Nome Elemento,Ifc Class,GUID IFC,GUID Nativo,Tag IFC,Element Id Nativo,Verifica,Stato
AR_MUR_DIV_200mm_MI.01,IfcWall,Non trovato,1ZOP8M2kfEaQClLh_RARXu,Non trovato,1225148,Non presente in IFC,0
Controsoffitto composto - AR_CON_CPA_83mm_CI.05,IfcCovering,1ZOP8M2kfEaQClLh_RASYH,1ZOP8M2kfEaQClLh_RASYH,1229141,1229141,Corretto,1
Controsoffitto composto - AR_CON_CPA_83mm_CI.05,IfcCovering,1ZOP8M2kfEaQClLh_RASfQ,1ZOP8M2kfEaQClLh_RASfQ,1229726,1229726,Corretto,1
Controsoffitto composto - AR_CON_CPA_83mm_CI.05,IfcCovering,2QNaXvZkjEV8ol7Y5RubP$,2QNaXvZkjEV8ol7Y5RubP$,1347785,1347785,Corretto,1
Controsoffitto composto - AR_CON_CPA_83mm_CI.05,IfcCovering,2QNaXvZkjEV8ol7Y5RubUP,2QNaXvZkjEV8ol7Y5RubUP,1347887,1347887,Corretto,1
Controsoffitto composto - AR_CON_CPA_83mm_CI.05,IfcCovering,0f$RJNoZjBceNKf5QhW8X4,0f$RJNoZjBceNKf5QhW8X4,1349265,1349265,Corretto,1
Controsoffitto composto - AR_CON_CPA_83mm_CI.05,IfcCovering,0f$RJNoZjBceNKf5QhW8WP,0f$RJNoZjBceNKf5QhW8WP,1349324,1349324,Corretto,1
Controsoffitto composto - AR_CON_CPA_83mm_CI.05,IfcCovering,0f$RJNoZjBceNKf5QhW8S$,0f$RJNoZjBceNKf5QhW8S$,1350122,1350122,Corretto,1
Controsoffitto composto - AR_CON_CPA_83mm_CI.05,IfcCovering,0f$RJNoZjBceNKf5QhW8I2,0f$RJNoZjBceNKf5QhW8I2,1350231,1350231,Corretto,1
Controsoffitto composto - AR_CON_CPA_83mm_CI.05,IfcCovering,3bWp4$LF53tuRYJQtZWsA9,3bWp4$LF53tuRYJQtZWsA9,1357697,1357697,Corretto,1
Controsoffitto composto - AR_CON_CPA_83mm_CI.05,IfcCovering,3bWp4$LF53tuRYJQtZWsA0,3bWp4$LF53tuRYJQtZWsA0,1357704,1357704,Corretto,1
Controsoffitto composto - AR_CON_CPA_83mm_CI.05,IfcCovering,3bWp4$LF53tuRYJQtZWsBb,3bWp4$LF53tuRYJQtZWsBb,1357805,1357805,Corretto,1
Controsoffitto composto - AR_CON_CPA_83mm_CI.05,IfcCovering,3bWp4$LF53tuRYJQtZWsBy,3bWp4$LF53tuRYJQtZWsBy,1357812,1357812,Corretto,1
Controsoffitto composto - AR_CON_CPA_83mm_CI.05,IfcCovering,3rWypEKaP7LA8LEPwBe0_i,3rWypEKaP7LA8LEPwBe0_i,1365509,1365509,Corretto,1
Controsoffitto composto - AR_CON_CPA_83mm_CI.05,IfcCovering,3rWypEKaP7LA8LEPwBe0_Q,3rWypEKaP7LA8LEPwBe0_Q,1365555,1365555,Corretto,1
Controsoffitto composto - AR_CON_CPA_83mm_CI.05,IfcCovering,3rWypEKaP7LA8LEPwBe0$O,3rWypEKaP7LA8LEPwBe0$O,1365617,1365617,Corretto,1
Controsoffitto composto - AR_CON_CPA_83mm_CI.05,IfcCovering,3rWypEKaP7LA8LEPwBe0$H,3rWypEKaP7LA8LEPwBe0$H,1365624,1365624,Corretto,1
AR_ POR_BAT_Vet_2A_Simmetrica - AR_POR_BAT_Vet_2A_Simmetrica_1800x2400,IfcDoor,1TOhZ8mD9BHQ8v0B7B1Jpl,1TOhZ8mD9BHQ8v0B7B1Jpl,744606,744606,Corretto,1
AR_ POR_BAT_Vet_2A_Simmetrica - AR_POR_BAT_Vet_2A_Simmetrica_1800x2400,IfcDoor,1TOhZ8mD9BHQ8v0B7B1Jrd,1TOhZ8mD9BHQ8v0B7B1Jrd,744726,744726,Corretto,1
AR_ POR_BAT_Vet_2A_Simmetrica - AR_POR_BAT_Vet_2A_Simmetrica_1800x2400,IfcDoor,1TOhZ8mD9BHQ8v0B7B1JsW,1TOhZ8mD9BHQ8v0B7B1JsW,744913,744913,Corretto,1
AR_ POR_BAT_Vet_2A_Simmetrica - AR_POR_BAT_Vet_2A_Simmetrica_1800x2400,IfcDoor,1TOhZ8mD9BHQ8v0B7B1Jsb,1TOhZ8mD9BHQ8v0B7B1Jsb,744916,744916,Corretto,1
AR_ POR_BAT_Vet_2A_Simmetrica - AR_POR_BAT_Vet_2A_Simmetrica_2400x2400,IfcDoor,1TOhZ8mD9BHQ8v0B7B1Js4,1TOhZ8mD9BHQ8v0B7B1Js4,744949,744949,Corretto,1
AR_ POR_BAT_Vet_2A_Simmetrica - AR_POR_BAT_Vet_2A_Simmetrica_2400x2400,IfcDoor,1TOhZ8mD9BHQ8v0B7B1Js9,1TOhZ8mD9BHQ8v0B7B1Js9,744952,744952,Corretto,1
AR_POR_BAT_Acc_1A_ManiglioneAntipanico - AR_POR_BAT_Acc_1A_ManiglioneAntipanico_900x2400,IfcDoor,0$0w2UsGv72PQi9sIgJjLo,0$0w2UsGv72PQi9sIgJjLo,1235457,1235457,Corretto,1
AR_POR_BAT_Acc_1A_ManiglioneAntipanico - AR_POR_BAT_Acc_1A_ManiglioneAntipanico_900x2400,IfcDoor,1CJGCbbZHBfAI3QybJEM4e,1CJGCbbZHBfAI3QybJEM4e,1335843,1335843,Corretto,1
AR_POR_BAT_Acc_1A_ManiglioneAntipanico - AR_POR_BAT_Acc_1A_ManiglioneAntipanico_900x2400,IfcDoor,1CJGCbbZHBfAI3QybJEMTJ,1CJGCbbZHBfAI3QybJEMTJ,1336408,1336408,Corretto,1
AR_POR_BAT_Acc_1A_ManiglioneAntipanico - AR_POR_BAT_Acc_1A_ManiglioneAntipanico_900x2400,IfcDoor,2jBGOXJJD1oBnnpXf3oytC,2jBGOXJJD1oBnnpXf3oytC,1344514,1344514,Corretto,1
AR_POR_BAT_Acc_1A_ManiglioneAntipanico - AR_POR_BAT_Acc_1A_ManiglioneAntipanico_900x2400,IfcDoor,1ja2Pmn4b03gmyIPK0nEgf,1ja2Pmn4b03gmyIPK0nEgf,1347276,1347276,Corretto,1
AR_POR_BAT_Acc_1A_ManiglioneAntipanico - AR_POR_BAT_Acc_1A_ManiglioneAntipanico_900x2400,IfcDoor,2QNaXvZkjEV8ol7Y5RubQ6,2QNaXvZkjEV8ol7Y5RubQ6,1347632,1347632,Corretto,1
AR_ POR_BAT_Vet_2A_Simmetrica - AR_POR_BAT_Vet_2A_Simmetrica_2400x2400,IfcDoor,0bimpmfWH11xmHto5bDD8x,0bimpmfWH11xmHto5bDD8x,1385887,1385887,Corretto,1
AR_ POR_BAT_Vet_2A_Simmetrica - AR_POR_BAT_Vet_2A_Simmetrica_2400x2400,IfcDoor,0bimpmfWH11xmHto5bDD84,0bimpmfWH11xmHto5bDD84,1385888,1385888,Corretto,1
AR_POR_BAT_Acc_1A_EI60 - AR_POR_BAT_Acc_1A_EI30_900X2200,IfcDoor,0d_OrCna5EEw8xwgL5sfT_,0d_OrCna5EEw8xwgL5sfT_,1408407,1408407,Corretto,1
AR_POR_BAT_Acc_1A_EI60 - AR_POR_BAT_Acc_1A_EI30_900X2200,IfcDoor,0d_OrCna5EEw8xwgL5sfKN,0d_OrCna5EEw8xwgL5sfKN,1409022,1409022,Corretto,1
AR_POR_BAT_Acc_1A_EI60 - AR_POR_BAT_Acc_1A_EI30_900X2200,IfcDoor,0d_OrCna5EEw8xwgL5scYZ,0d_OrCna5EEw8xwgL5scYZ,1409610,1409610,Corretto,1
Tetto di base - AR_TET_PIA_256mm_PE.22,IfcRoof,1FSNUyqHL1QeSgMwbaW2vf,1FSNUyqHL1QeSgMwbaW2vf,1340440,1340440,Corretto,1
Tetto di base - AR_TET_PIA_468mm_PE.21,IfcRoof,1FSNUyqHL1QeSgMwbaW2uV,1FSNUyqHL1QeSgMwbaW2uV,1340526,1340526,Corretto,1
Tetto di base - AR_TET_PIA_468mm_PE.21,IfcRoof,1In5XHS_T9IQFPf9k2D28U,1In5XHS_T9IQFPf9k2D28U,1340700,1340700,Corretto,1
Tetto di base - AR_TET_PIA_253mm_PE.22,IfcRoof,1In5XHS_T9IQFPf9k2D2AN,1In5XHS_T9IQFPf9k2D2AN,1340821,1340821,Corretto,1
Tetto di base - AR_TET_PIA_468mm_PE.21,IfcRoof,1In5XHS_T9IQFPf9k2D2BP,1In5XHS_T9IQFPf9k2D2BP,1340891,1340891,Corretto,1
Tetto di base - AR_TET_PIA_256mm_PE.22,IfcRoof,1In5XHS_T9IQFPf9k2D24p,1In5XHS_T9IQFPf9k2D24p,1340977,1340977,Corretto,1
Tetto di base - AR_TET_PIA_468mm_PE.21,IfcRoof,1In5XHS_T9IQFPf9k2D25a,1In5XHS_T9IQFPf9k2D25a,1341030,1341030,Corretto,1
Tetto di base - AR_TET_PIA_256mm_PE.22,IfcRoof,0oGP3liFb4VhaRdOY2CIXa,0oGP3liFb4VhaRdOY2CIXa,1341197,1341197,Corretto,1
Tetto di base - AR_TET_PIA_468mm_PE.21,IfcRoof,0oGP3liFb4VhaRdOY2CIWj,0oGP3liFb4VhaRdOY2CIWj,1341252,1341252,Corretto,1
Tetto di base - AR_TET_PIA_482mm_PE.21,IfcRoof,0oGP3liFb4VhaRdOY2CIYV,0oGP3liFb4VhaRdOY2CIYV,1341430,1341430,Corretto,1
Tetto di base - AR_TET_PIA_482mm_PE.21,IfcRoof,0oGP3liFb4VhaRdOY2CITJ,0oGP3liFb4VhaRdOY2CITJ,1341498,1341498,Corretto,1
Tetto di base - AR_TET_PIA_256mm_PE.22,IfcRoof,15momzA1H1hxNTpsq38xyg,15momzA1H1hxNTpsq38xyg,1383875,1383875,Corretto,1
Pavimento - AR_PAV_RIV_20mm_FL-002,IfcSlab,3lObzx4jz3X86hmKu9t0hd,3lObzx4jz3X86hmKu9t0hd,1206369,1206369,Corretto,1
Pavimento - AR_PAV_RIV_20mm_FL-002,IfcSlab,3lObzx4jz3X86hmKu9t0j_,3lObzx4jz3X86hmKu9t0j_,1206776,1206776,Corretto,1
Scala gettata in opera - Scala,IfcSlab,3lObzx4jz3X86hmKu9tF_7,3lObzx4jz3X86hmKu9tF_7,1219841,1219841,Corretto,1
Pavimento - AR_PAV_RIV_20mm_FL-002,IfcSlab,3lObzx4jz3X86hmKu9tC2_,3lObzx4jz3X86hmKu9tC2_,1221176,1221176,Corretto,1
Scala gettata in opera - Scala,IfcSlab,3lObzx4jz3X86hmKu9tC4L,3lObzx4jz3X86hmKu9tC4L,1221523,1221523,Corretto,1
Pavimento - AR_PAV_RIV_20mm_FL-002,IfcSlab,3lObzx4jz3X86hmKu9tCUy,3lObzx4jz3X86hmKu9tCUy,1221946,1221946,Corretto,1
Pavimento - AR_PAV_RIV_20mm_FL-002,IfcSlab,3lObzx4jz3X86hmKu9tCSK,3lObzx4jz3X86hmKu9tCSK,1222034,1222034,Corretto,1
Scala gettata in opera - Scala,IfcSlab,3lObzx4jz3X86hmKu9tCht,3lObzx4jz3X86hmKu9tCht,1222769,1222769,Corretto,1
Scala gettata in opera - Scala,IfcSlab,3lObzx4jz3X86hmKu9tCka,3lObzx4jz3X86hmKu9tCka,1222946,1222946,Corretto,1
Pavimento - AR_PAV_RIV_20mm_FL-002,IfcSlab,3lObzx4jz3X86hmKu9tClh,3lObzx4jz3X86hmKu9tClh,1223021,1223021,Corretto,1
Pavimento - AR_PAV_GET_780mm_PI.01,IfcSlab,3lObzx4jz3X86hmKu9tCZN,3lObzx4jz3X86hmKu9tCZN,1223249,1223249,Corretto,1
Pavimento - AR_PAV_RIV_20mm_FL-006,IfcSlab,1ZOP8M2kfEaQClLh_RATrT,1ZOP8M2kfEaQClLh_RATrT,1234073,1234073,Corretto,1
Pavimento - AR_PAV_RIV_20mm_FL-006,IfcSlab,1ZOP8M2kfEaQClLh_RATqJ,1ZOP8M2kfEaQClLh_RATqJ,1234135,1234135,Corretto,1
Pavimento - AR_PAV_RIV_20mm_FL-006,IfcSlab,0$0w2UsGv72PQi9sIgJjQt,0$0w2UsGv72PQi9sIgJjQt,1235396,1235396,Corretto,1
Tetto di base - AR_TET_PIA_256mm_PE.22,IfcSlab,1FSNUyqHL1QeSgMwjaW2vf,1FSNUyqHL1QeSgMwjaW2vf,1340440,1340440,Corretto,1
Tetto di base - AR_TET_PIA_256mm_PE.22,IfcSlab,1FSNUyqHL1QeSgMwfaW2vf,1FSNUyqHL1QeSgMwfaW2vf,1340440,1340440,Corretto,1
Tetto di base - AR_TET_PIA_256mm_PE.22,IfcSlab,1FSNUyqHL1QeSgMwraW2vf,1FSNUyqHL1QeSgMwraW2vf,1340440,1340440,Corretto,1
Tetto di base - AR_TET_PIA_256mm_PE.22,IfcSlab,1FSNUyqHL1QeSgMwnaW2vf,1FSNUyqHL1QeSgMwnaW2vf,1340440,1340440,Corretto,1
Tetto di base - AR_TET_PIA_256mm_PE.22,IfcSlab,1FSNUyqHL1QeSgMwzaW2vf,1FSNUyqHL1QeSgMwzaW2vf,1340440,1340440,Corretto,1
Tetto di base - AR_TET_PIA_256mm_PE.22,IfcSlab,1FSNUyqHL1QeSgMwvaW2vf,1FSNUyqHL1QeSgMwvaW2vf,1340440,1340440,Corretto,1
Tetto di base - AR_TET_PIA_256mm_PE.22,IfcSlab,1FSNUyqHL1QeSgMw5aW2vf,1FSNUyqHL1QeSgMw5aW2vf,1340440,1340440,Corretto,1
Tetto di base - AR_TET_PIA_468mm_PE.21,IfcSlab,1In5XHS_T9IQFPf9c2D2BP,1In5XHS_T9IQFPf9c2D2BP,1340891,1340891,Corretto,1
Tetto di base - AR_TET_PIA_256mm_PE.22,IfcSlab,1In5XHS_T9IQFPf9c2D24p,1In5XHS_T9IQFPf9c2D24p,1340977,1340977,Corretto,1
Tetto di base - AR_TET_PIA_256mm_PE.22,IfcSlab,1In5XHS_T9IQFPf9Y2D24p,1In5XHS_T9IQFPf9Y2D24p,1340977,1340977,Corretto,1
Tetto di base - AR_TET_PIA_256mm_PE.22,IfcSlab,1In5XHS_T9IQFPf9_2D24p,1In5XHS_T9IQFPf9_2D24p,1340977,1340977,Corretto,1
Tetto di base - AR_TET_PIA_256mm_PE.22,IfcSlab,1In5XHS_T9IQFPf9w2D24p,1In5XHS_T9IQFPf9w2D24p,1340977,1340977,Corretto,1
Tetto di base - AR_TET_PIA_256mm_PE.22,IfcSlab,1In5XHS_T9IQFPf9s2D24p,1In5XHS_T9IQFPf9s2D24p,1340977,1340977,Corretto,1
Tetto di base - AR_TET_PIA_256mm_PE.22,IfcSlab,1In5XHS_T9IQFPf9o2D24p,1In5XHS_T9IQFPf9o2D24p,1340977,1340977,Corretto,1
Tetto di base - AR_TET_PIA_256mm_PE.22,IfcSlab,1In5XHS_T9IQFPf9E2D24p,1In5XHS_T9IQFPf9E2D24p,1340977,1340977,Corretto,1
Tetto di base - AR_TET_PIA_256mm_PE.22,IfcSlab,1In5XHS_T9IQFPf9A2D24p,1In5XHS_T9IQFPf9A2D24p,1340977,1340977,Corretto,1
Tetto di base - AR_TET_PIA_256mm_PE.22,IfcSlab,0oGP3liFb4VhaRdOg2CIXa,0oGP3liFb4VhaRdOg2CIXa,1341197,1341197,Corretto,1
Tetto di base - AR_TET_PIA_256mm_PE.22,IfcSlab,0oGP3liFb4VhaRdOk2CIXa,0oGP3liFb4VhaRdOk2CIXa,1341197,1341197,Corretto,1
Tetto di base - AR_TET_PIA_256mm_PE.22,IfcSlab,0oGP3liFb4VhaRdOo2CIXa,0oGP3liFb4VhaRdOo2CIXa,1341197,1341197,Corretto,1
Tetto di base - AR_TET_PIA_256mm_PE.22,IfcSlab,0oGP3liFb4VhaRdOs2CIXa,0oGP3liFb4VhaRdOs2CIXa,1341197,1341197,Corretto,1
Tetto di base - AR_TET_PIA_256mm_PE.22,IfcSlab,0oGP3liFb4VhaRdOw2CIXa,0oGP3liFb4VhaRdOw2CIXa,1341197,1341197,Corretto,1
Tetto di base - AR_TET_PIA_256mm_PE.22,IfcSlab,0oGP3liFb4VhaRdO_2CIXa,0oGP3liFb4VhaRdO_2CIXa,1341197,1341197,Corretto,1
Tetto di base - AR_TET_PIA_256mm_PE.22,IfcSlab,0oGP3liFb4VhaRdO22CIXa,0oGP3liFb4VhaRdO22CIXa,1341197,1341197,Corretto,1
Tetto di base - AR_TET_PIA_256mm_PE.22,IfcSlab,0oGP3liFb4VhaRdO62CIXa,0oGP3liFb4VhaRdO62CIXa,1341197,1341197,Corretto,1
Tetto di base - AR_TET_PIA_256mm_PE.22,IfcSlab,0oGP3liFb4VhaRdOA2CIXa,0oGP3liFb4VhaRdOA2CIXa,1341197,1341197,Corretto,1
Tetto di base - AR_TET_PIA_482mm_PE.21,IfcSlab,0oGP3liFb4VhaRdOg2CIYV,0oGP3liFb4VhaRdOg2CIYV,1341430,1341430,Corretto,1
Tetto di base - AR_TET_PIA_482mm_PE.21,IfcSlab,0oGP3liFb4VhaRdOg2CITJ,0oGP3liFb4VhaRdOg2CITJ,1341498,1341498,Corretto,1
Pavimento - AR_PAV_GET_30mm_PI.13,IfcSlab,2jBGOXJJD1oBnnpXf3oyh8,2jBGOXJJD1oBnnpXf3oyh8,1344262,1344262,Corretto,1
Pavimento - AR_PAV_RIV_20mm_FL-006,IfcSlab,2jBGOXJJD1oBnnpXf3oyf$,2jBGOXJJD1oBnnpXf3oyf$,1344433,1344433,Corretto,1
Scala gettata in opera - Scala,IfcSlab,1ja2Pmn4b03gmyIPK0nEAY,1ja2Pmn4b03gmyIPK0nEAY,1345223,1345223,Corretto,1
Pavimento - AR_PAV_RIV_20mm_FL-002,IfcSlab,1ja2Pmn4b03gmyIPK0nEoI,1ja2Pmn4b03gmyIPK0nEoI,1345783,1345783,Corretto,1
Pavimento - AR_PAV_GET_780mm_PI.01,IfcSlab,1ja2Pmn4b03gmyIPK0nEst,1ja2Pmn4b03gmyIPK0nEst,1346002,1346002,Corretto,1
Pavimento - AR_PAV_RIV_20mm_FL-006,IfcSlab,1ja2Pmn4b03gmyIPK0nEsC,1ja2Pmn4b03gmyIPK0nEsC,1346025,1346025,Corretto,1
Pavimento - AR_PAV_GET_780mm_PI.01,IfcSlab,0f$RJNoZjBceNKf5QhW8n5,0f$RJNoZjBceNKf5QhW8n5,1348240,1348240,Corretto,1
Pavimento - AR_PAV_RIV_20mm_FL-002,IfcSlab,0f$RJNoZjBceNKf5QhW8m$,0f$RJNoZjBceNKf5QhW8m$,1348330,1348330,Corretto,1
Pavimento - AR_PAV_GET_780mm_PI.01,IfcSlab,3bWp4$LF53tuRYJQtZWtZD,3bWp4$LF53tuRYJQtZWtZD,1355205,1355205,Corretto,1
Pavimento - AR_PAV_RIV_20mm_FL-002,IfcSlab,1$dsKS0fTEkflT6Xh3wfCA,1$dsKS0fTEkflT6Xh3wfCA,1360684,1360684,Corretto,1
Pavimento - AR_PAV_GET_780mm_PI.01,IfcSlab,35wVHO19vAhvHwCs0Yf_aM,35wVHO19vAhvHwCs0Yf_aM,1360790,1360790,Corretto,1
Pavimento - AR_PAV_RIV_20mm_FL-002,IfcSlab,15XS98Hmv9Lx5dPATyu7tB,15XS98Hmv9Lx5dPATyu7tB,1367677,1367677,Corretto,1
Pavimento - AR_PAV_GET_30mm_PI.13,IfcSlab,15XS98Hmv9Lx5dPATyu7q_,15XS98Hmv9Lx5dPATyu7q_,1367688,1367688,Corretto,1
Pavimento - AR_PAV_RIV_20mm_FL-006,IfcSlab,15XS98Hmv9Lx5dPATyu7qX,15XS98Hmv9Lx5dPATyu7qX,1367703,1367703,Corretto,1
Pavimento - AR_PAV_GET_50mm_PI.14,IfcSlab,2uWfR$mdr8HRRdDZ5G7WAr,2uWfR$mdr8HRRdDZ5G7WAr,1368198,1368198,Corretto,1
Pavimento - AR_PAV_GET_50mm_PI.14,IfcSlab,2uWfR$mdr8HRRdDZ5G7WBL,2uWfR$mdr8HRRdDZ5G7WBL,1368294,1368294,Corretto,1
Pavimento - AR_PAV_GET_50mm_PI.14,IfcSlab,2uWfR$mdr8HRRdDZ5G7WOg,2uWfR$mdr8HRRdDZ5G7WOg,1369113,1369113,Corretto,1
Pavimento - AR_PAV_GET_50mm_PI.14,IfcSlab,2uWfR$mdr8HRRdDZ5G7WO4,2uWfR$mdr8HRRdDZ5G7WO4,1369143,1369143,Corretto,1
Pavimento - AR_PAV_GET_50mm_PI.14,IfcSlab,2uWfR$mdr8HRRdDZ5G7WQz,2uWfR$mdr8HRRdDZ5G7WQz,1369230,1369230,Corretto,1
Pavimento - AR_PAV_GET_50mm_PI.14,IfcSlab,2uWfR$mdr8HRRdDZ5G7WR$,2uWfR$mdr8HRRdDZ5G7WR$,1369292,1369292,Corretto,1
Tetto di base - AR_TET_PIA_256mm_PE.22,IfcSlab,15momzA1H1hxNTpsy38xyg,15momzA1H1hxNTpsy38xyg,1383875,1383875,Corretto,1
Tetto di base - AR_TET_PIA_256mm_PE.22,IfcSlab,15momzA1H1hxNTpsu38xyg,15momzA1H1hxNTpsu38xyg,1383875,1383875,Corretto,1
Tetto di base - AR_TET_PIA_256mm_PE.22,IfcSlab,15momzA1H1hxNTpsa38xyg,15momzA1H1hxNTpsa38xyg,1383875,1383875,Corretto,1
Tetto di base - AR_TET_PIA_256mm_PE.22,IfcSlab,15momzA1H1hxNTpsW38xyg,15momzA1H1hxNTpsW38xyg,1383875,1383875,Corretto,1
Tetto di base - AR_TET_PIA_256mm_PE.22,IfcSlab,15momzA1H1hxNTpsi38xyg,15momzA1H1hxNTpsi38xyg,1383875,1383875,Corretto,1
Tetto di base - AR_TET_PIA_256mm_PE.22,IfcSlab,15momzA1H1hxNTpse38xyg,15momzA1H1hxNTpse38xyg,1383875,1383875,Corretto,1
Tetto di base - AR_TET_PIA_256mm_PE.22,IfcSlab,15momzA1H1hxNTpsK38xyg,15momzA1H1hxNTpsK38xyg,1383875,1383875,Corretto,1
Pavimento - AR_PAV_GET_1450mm_PI.04,IfcSlab,31k$xJK9L6KR1cPizEamum,31k$xJK9L6KR1cPizEamum,1402461,1402461,Corretto,1
Pavimento - AR_PAV_GET_1450mm_PI.04,IfcSlab,31k$xJK9L6KR1cPizEamTx,31k$xJK9L6KR1cPizEamTx,1404694,1404694,Corretto,1
Pavimento - AR_PAV_GET_1450mm_PI.04,IfcSlab,31k$xJK9L6KR1cPizEamSm,31k$xJK9L6KR1cPizEamSm,1404765,1404765,Corretto,1
Pavimento - AR_PAV_GET_1450mm_PI.04,IfcSlab,31k$xJK9L6KR1cPizEamVI,31k$xJK9L6KR1cPizEamVI,1404863,1404863,Corretto,1
Pavimento - AR_PAV_GET_1450mm_PI.04,IfcSlab,31k$xJK9L6KR1cPizEanX9,31k$xJK9L6KR1cPizEanX9,1404964,1404964,Corretto,1
Pavimento - AR_PAV_RIV_20mm_FL-006,IfcSlab,0d_OrCna5EEw8xwgL5scWY,0d_OrCna5EEw8xwgL5scWY,1409739,1409739,Corretto,1
Pavimento - AR_PAV_RIV_20mm_FL-006,IfcSlab,0d_OrCna5EEw8xwgL5scdB,0d_OrCna5EEw8xwgL5scdB,1409826,1409826,Corretto,1
Pavimento - AR_PAV_RIV_20mm_FL-006,IfcSlab,0d_OrCna5EEw8xwgL5scbV,0d_OrCna5EEw8xwgL5scbV,1409974,1409974,Corretto,1
Scala gettata in opera - Scala,IfcStair,3lObzx4jz3X86hmKu9tFxb,3lObzx4jz3X86hmKu9tFxb,1219683,1219683,Corretto,1
Scala gettata in opera - Scala,IfcStair,3lObzx4jz3X86hmKu9tC0$,3lObzx4jz3X86hmKu9tC0$,1221305,1221305,Corretto,1
Scala gettata in opera - Scala,IfcStair,3lObzx4jz3X86hmKu9tChg,3lObzx4jz3X86hmKu9tChg,1222764,1222764,Corretto,1
Scala gettata in opera - Scala,IfcStair,3lObzx4jz3X86hmKu9tCkR,3lObzx4jz3X86hmKu9tCkR,1222941,1222941,Corretto,1
Scala gettata in opera - Scala,IfcStair,1ja2Pmn4b03gmyIPK0nEAd,1ja2Pmn4b03gmyIPK0nEAd,1345218,1345218,Corretto,1
Scala gettata in opera - Scala,IfcStairFlight,3lObzx4jz3X86hmKu9tFvK,3lObzx4jz3X86hmKu9tFvK,1219794,1219794,Corretto,1
Scala gettata in opera - Scala,IfcStairFlight,3lObzx4jz3X86hmKu9tFzL,3lObzx4jz3X86hmKu9tFzL,1220051,1220051,Corretto,1
Scala gettata in opera - Scala,IfcStairFlight,3lObzx4jz3X86hmKu9tC1P,3lObzx4jz3X86hmKu9tC1P,1221343,1221343,Corretto,1
Scala gettata in opera - Scala,IfcStairFlight,3lObzx4jz3X86hmKu9tCRA,3lObzx4jz3X86hmKu9tCRA,1221708,1221708,Corretto,1
Scala gettata in opera - Scala,IfcStairFlight,3lObzx4jz3X86hmKu9tChh,3lObzx4jz3X86hmKu9tChh,1222765,1222765,Corretto,1
Scala gettata in opera - Scala,IfcStairFlight,3lObzx4jz3X86hmKu9tChn,3lObzx4jz3X86hmKu9tChn,1222775,1222775,Corretto,1
Scala gettata in opera - Scala,IfcStairFlight,3lObzx4jz3X86hmKu9tCkO,3lObzx4jz3X86hmKu9tCkO,1222942,1222942,Corretto,1
Scala gettata in opera - Scala,IfcStairFlight,3lObzx4jz3X86hmKu9tCkk,3lObzx4jz3X86hmKu9tCkk,1222952,1222952,Corretto,1
Scala gettata in opera - Scala,IfcStairFlight,1ja2Pmn4b03gmyIPK0nEAc,1ja2Pmn4b03gmyIPK0nEAc,1345219,1345219,Corretto,1
Scala gettata in opera - Scala,IfcStairFlight,1ja2Pmn4b03gmyIPK0nEAe,1ja2Pmn4b03gmyIPK0nEAe,1345229,1345229,Corretto,1
Muro di base - AR_MUR_DIV_200mm_MI.01,IfcWall,1TOhZ8mD9BHQ8v0B7B1JnU,1TOhZ8mD9BHQ8v0B7B1JnU,744495,744495,Corretto,1
Muro di base - AR_MUR_DIV_200mm_MI.01,IfcWall,1TOhZ8mD9BHQ8v0B7B1Jmb,1TOhZ8mD9BHQ8v0B7B1Jmb,744532,744532,Corretto,1
Muro di base - AR_MUR_DIV_200mm_MI.01,IfcWall,1TOhZ8mD9BHQ8v0B7B1JmR,1TOhZ8mD9BHQ8v0B7B1JmR,744554,744554,Corretto,1
Muro di base - AR_MUR_DIV_200mm_MI.01,IfcWall,1TOhZ8mD9BHQ8v0B7B1Jpr,1TOhZ8mD9BHQ8v0B7B1Jpr,744580,744580,Corretto,1
Muro di base - AR_MUR_DIV_200mm_MI.01,IfcWall,1TOhZ8mD9BHQ8v0B7B1Jsy,1TOhZ8mD9BHQ8v0B7B1Jsy,744909,744909,Corretto,1
Muro di base - AR_MUR_DIV_200mm_MI.01,IfcWall,1TOhZ8mD9BHQ8v0B7B1Js$,1TOhZ8mD9BHQ8v0B7B1Js$,744910,744910,Corretto,1
Muro di base - AR_MUR_DIV_200mm_MI.01,IfcWall,1TOhZ8mD9BHQ8v0B7B1Js_,1TOhZ8mD9BHQ8v0B7B1Js_,744911,744911,Corretto,1
Muro di base - AR_MUR_DIV_200mm_MI.01,IfcWall,1TOhZ8mD9BHQ8v0B7B1JsX,1TOhZ8mD9BHQ8v0B7B1JsX,744912,744912,Corretto,1
Muro di base - AR_MUR_DIV_200mm_MI.01,IfcWall,1TOhZ8mD9BHQ8v0B7B1Js0,1TOhZ8mD9BHQ8v0B7B1Js0,744945,744945,Corretto,1
Muro di base - AR_MUR_DIV_200mm_MI.01,IfcWall,1TOhZ8mD9BHQ8v0B7B1Js3,1TOhZ8mD9BHQ8v0B7B1Js3,744946,744946,Corretto,1
Muro di base - AR_MUR_DIV_200mm_MI.01,IfcWall,1TOhZ8mD9BHQ8v0B7B1Js2,1TOhZ8mD9BHQ8v0B7B1Js2,744947,744947,Corretto,1
Muro di base - AR_MUR_DIV_200mm_MI.01,IfcWall,1TOhZ8mD9BHQ8v0B7B1Js5,1TOhZ8mD9BHQ8v0B7B1Js5,744948,744948,Corretto,1
Muro di base - AR_MUR_DIV_200mm_MI.01,IfcWall,1TOhZ8mD9BHQ8v0B7B1JxM,1TOhZ8mD9BHQ8v0B7B1JxM,745127,745127,Corretto,1
Muro di base - AR_MUR_DIV_200mm_MI.01,IfcWall,1TOhZ8mD9BHQ8v0B7B1JxP,1TOhZ8mD9BHQ8v0B7B1JxP,745128,745128,Corretto,1
Muro di base - AR_MUR_DIV_200mm_MI.01,IfcWall,1TOhZ8mD9BHQ8v0B7B1JxO,1TOhZ8mD9BHQ8v0B7B1JxO,745129,745129,Corretto,1
Muro di base - AR_MUR_DIV_200mm_MI.01,IfcWall,1TOhZ8mD9BHQ8v0B7B1JxR,1TOhZ8mD9BHQ8v0B7B1JxR,745130,745130,Corretto,1
Muro di base - AR_MUR_DIV_200mm_MI.01,IfcWall,3lObzx4jz3X86hmKu9tFXZ,3lObzx4jz3X86hmKu9tFXZ,1219301,1219301,Corretto,1
Muro di base - AR_MUR_DIV_200mm_MI.01,IfcWall,3lObzx4jz3X86hmKu9tFdN,3lObzx4jz3X86hmKu9tFdN,1219409,1219409,Corretto,1
Muro di base - AR_MUR_DIV_200mm_MI.01,IfcWall,3lObzx4jz3X86hmKu9tC8f,3lObzx4jz3X86hmKu9tC8f,1220783,1220783,Corretto,1
Muro di base - AR_MUR_DIV_200mm_MI.01,IfcWall,1ZOP8M2kfEaQClLh_RARYU,1ZOP8M2kfEaQClLh_RARYU,1225050,1225050,Corretto,1
Muro di base - AR_MUR_DIV_200mm_MI.01,IfcWall,1ZOP8M2kfEaQClLh_RARXG,1ZOP8M2kfEaQClLh_RARXG,1225108,1225108,Corretto,1
Muro di base - AR_MUR_RIV_20mm_R.08,IfcWall,1ZOP8M2kfEaQClLh_RARpz,1ZOP8M2kfEaQClLh_RARpz,1226041,1226041,Corretto,1
Muro di base - AR_MUR_RIV_20mm_R.08,IfcWall,1ZOP8M2kfEaQClLh_RARoS,1ZOP8M2kfEaQClLh_RARoS,1226072,1226072,Corretto,1
Muro di base - AR_MUR_RIV_20mm_R.08,IfcWall,1ZOP8M2kfEaQClLh_RARmJ,1ZOP8M2kfEaQClLh_RARmJ,1226199,1226199,Corretto,1
Muro di base - AR_MUR_RIV_20mm_R.08,IfcWall,1ZOP8M2kfEaQClLh_RARmm,1ZOP8M2kfEaQClLh_RARmm,1226228,1226228,Corretto,1
Muro di base - AR_MUR_RIV_20mm_R.08,IfcWall,1ZOP8M2kfEaQClLh_RAR71,1ZOP8M2kfEaQClLh_RAR71,1226757,1226757,Corretto,1
Muro di base - AR_MUR_RIV_20mm_R.08,IfcWall,1ZOP8M2kfEaQClLh_RAR6U,1ZOP8M2kfEaQClLh_RAR6U,1226842,1226842,Corretto,1
Muro di base - AR_MUR_RIV_20mm_R.08,IfcWall,1ZOP8M2kfEaQClLh_RAR5L,1ZOP8M2kfEaQClLh_RAR5L,1226897,1226897,Corretto,1
Muro di base - AR_MUR_RIV_20mm_R.08,IfcWall,1ZOP8M2kfEaQClLh_RARR4,1ZOP8M2kfEaQClLh_RARR4,1228544,1228544,Corretto,1
Muro di base - AR_MUR_RIV_20mm_R.08,IfcWall,1ZOP8M2kfEaQClLh_RASWN,1ZOP8M2kfEaQClLh_RASWN,1229267,1229267,Corretto,1
Muro di base - AR_MUR_RIV_20mm_R.08,IfcWall,1ZOP8M2kfEaQClLh_RASl9,1ZOP8M2kfEaQClLh_RASl9,1229325,1229325,Corretto,1
Muro di base - AR_MUR_RIV_20mm_R.08,IfcWall,1ZOP8M2kfEaQClLh_RASkl,1ZOP8M2kfEaQClLh_RASkl,1229419,1229419,Corretto,1
Muro di base - AR_MUR_RIV_20mm_R.08,IfcWall,1ZOP8M2kfEaQClLh_RASjT,1ZOP8M2kfEaQClLh_RASjT,1229465,1229465,Corretto,1
Muro di base - AR_MUR_RIV_20mm_R.08,IfcWall,1ZOP8M2kfEaQClLh_RASjx,1ZOP8M2kfEaQClLh_RASjx,1229503,1229503,Corretto,1
Muro di base - AR_MUR_RIV_20mm_R.08,IfcWall,1ZOP8M2kfEaQClLh_RASrM,1ZOP8M2kfEaQClLh_RASrM,1229970,1229970,Corretto,1
Muro di base - AR_MUR_RIV_20mm_R.08,IfcWall,1ZOP8M2kfEaQClLh_RASq1,1ZOP8M2kfEaQClLh_RASq1,1230021,1230021,Corretto,1
Muro di base - AR_CON_CPA_67mm_CI.09,IfcWall,1ZOP8M2kfEaQClLh_RASIk,1ZOP8M2kfEaQClLh_RASIk,1232234,1232234,Corretto,1
Muro di base - AR_MUR_RIV_20mm_R.08,IfcWall,1ZOP8M2kfEaQClLh_RATkS,1ZOP8M2kfEaQClLh_RATkS,1233496,1233496,Corretto,1
Muro di base - AR_MUR_RIV_20mm_R.08,IfcWall,1ZOP8M2kfEaQClLh_RATjC,1ZOP8M2kfEaQClLh_RATjC,1233544,1233544,Corretto,1
Muro di base - AR_MUR_RIV_20mm_R.08,IfcWall,1ZOP8M2kfEaQClLh_RATi2,1ZOP8M2kfEaQClLh_RATi2,1233606,1233606,Corretto,1
Muro di base - AR_MUR_RIV_20mm_R.08,IfcWall,1ZOP8M2kfEaQClLh_RAThI,1ZOP8M2kfEaQClLh_RAThI,1233686,1233686,Corretto,1
Muro di base - AR_MUR_RIV_20mm_R.08,IfcWall,1ZOP8M2kfEaQClLh_RATgI,1ZOP8M2kfEaQClLh_RATgI,1233750,1233750,Corretto,1
Muro di base - AR_MUR_DIV_200mm_MI.01,IfcWall,0$0w2UsGv72PQi9sIgJjUw,0$0w2UsGv72PQi9sIgJjUw,1235145,1235145,Corretto,1
Muro di base - AR_MUR_RIV_20mm_R.08,IfcWall,2jBGOXJJD1oBnnpXf3opNl,2jBGOXJJD1oBnnpXf3opNl,1342497,1342497,Corretto,1
Muro di base - AR_MUR_RIV_20mm_R.08,IfcWall,2jBGOXJJD1oBnnpXf3opM4,2jBGOXJJD1oBnnpXf3opM4,1342538,1342538,Corretto,1
Muro di base - AR_MUR_RIV_20mm_R.08,IfcWall,2jBGOXJJD1oBnnpXf3opM$,2jBGOXJJD1oBnnpXf3opM$,1342577,1342577,Corretto,1
Muro di base - AR_MUR_RIV_20mm_R.08,IfcWall,2jBGOXJJD1oBnnpXf3opL4,2jBGOXJJD1oBnnpXf3opL4,1342602,1342602,Corretto,1
Muro di base - AR_MUR_RIV_20mm_R.08,IfcWall,1ja2Pmn4b03gmyIPK0nEAy,1ja2Pmn4b03gmyIPK0nEAy,1345241,1345241,Corretto,1
Muro di base - AR_MUR_RIV_20mm_R.08,IfcWall,1ja2Pmn4b03gmyIPK0nEA$,1ja2Pmn4b03gmyIPK0nEA$,1345242,1345242,Corretto,1
Muro di base - AR_MUR_RIV_20mm_R.08,IfcWall,1ja2Pmn4b03gmyIPK0nEA_,1ja2Pmn4b03gmyIPK0nEA_,1345243,1345243,Corretto,1
Muro di base - AR_MUR_RIV_20mm_R.08,IfcWall,1ja2Pmn4b03gmyIPK0nEAv,1ja2Pmn4b03gmyIPK0nEAv,1345244,1345244,Corretto,1
Muro di base - AR_MUR_RIV_20mm_R.08,IfcWall,1ja2Pmn4b03gmyIPK0nEAu,1ja2Pmn4b03gmyIPK0nEAu,1345245,1345245,Corretto,1
Muro di base - AR_MUR_RIV_20mm_R.08,IfcWall,1ja2Pmn4b03gmyIPK0nEAx,1ja2Pmn4b03gmyIPK0nEAx,1345246,1345246,Corretto,1
Muro di base - AR_MUR_RIV_20mm_R.08,IfcWall,1ja2Pmn4b03gmyIPK0nEAw,1ja2Pmn4b03gmyIPK0nEAw,1345247,1345247,Corretto,1
Muro di base - AR_MUR_RIV_20mm_R.08,IfcWall,1ja2Pmn4b03gmyIPK0nEA5,1ja2Pmn4b03gmyIPK0nEA5,1345248,1345248,Corretto,1
Muro di base - AR_MUR_RIV_20mm_R.08,IfcWall,1ja2Pmn4b03gmyIPK0nEA4,1ja2Pmn4b03gmyIPK0nEA4,1345249,1345249,Corretto,1
Muro di base - AR_MUR_RIV_20mm_R.08,IfcWall,1ja2Pmn4b03gmyIPK0nEA7,1ja2Pmn4b03gmyIPK0nEA7,1345250,1345250,Corretto,1
Muro di base - AR_MUR_RIV_20mm_R.08,IfcWall,1ja2Pmn4b03gmyIPK0nEA6,1ja2Pmn4b03gmyIPK0nEA6,1345251,1345251,Corretto,1
Muro di base - AR_MUR_RIV_20mm_R.08,IfcWall,1ja2Pmn4b03gmyIPK0nEA1,1ja2Pmn4b03gmyIPK0nEA1,1345252,1345252,Corretto,1
Muro di base - AR_MUR_RIV_20mm_R.08,IfcWall,1ja2Pmn4b03gmyIPK0nEA0,1ja2Pmn4b03gmyIPK0nEA0,1345253,1345253,Corretto,1
Muro di base - AR_MUR_RIV_20mm_R.08,IfcWall,1ja2Pmn4b03gmyIPK0nEA3,1ja2Pmn4b03gmyIPK0nEA3,1345254,1345254,Corretto,1
Muro di base - AR_MUR_RIV_20mm_R.08,IfcWall,1ja2Pmn4b03gmyIPK0nEA2,1ja2Pmn4b03gmyIPK0nEA2,1345255,1345255,Corretto,1
Muro di base - AR_MUR_RIV_20mm_R.08,IfcWall,1ja2Pmn4b03gmyIPK0nECs,1ja2Pmn4b03gmyIPK0nECs,1345363,1345363,Corretto,1
Muro di base - AR_MUR_RIV_20mm_R.08,IfcWall,1ja2Pmn4b03gmyIPK0nECn,1ja2Pmn4b03gmyIPK0nECn,1345364,1345364,Corretto,1
Muro di base - AR_MUR_RIV_20mm_R.08,IfcWall,1ja2Pmn4b03gmyIPK0nECm,1ja2Pmn4b03gmyIPK0nECm,1345365,1345365,Corretto,1
Muro di base - AR_MUR_RIV_20mm_R.08,IfcWall,1ja2Pmn4b03gmyIPK0nEEA,1ja2Pmn4b03gmyIPK0nEEA,1345519,1345519,Corretto,1
Muro di base - AR_MUR_RIV_20mm_R.08,IfcWall,1ja2Pmn4b03gmyIPK0nEEL,1ja2Pmn4b03gmyIPK0nEEL,1345520,1345520,Corretto,1
Muro di base - AR_MUR_RIV_20mm_R.08,IfcWall,1ja2Pmn4b03gmyIPK0nEEK,1ja2Pmn4b03gmyIPK0nEEK,1345521,1345521,Corretto,1
Muro di base - AR_MUR_RIV_20mm_R.08,IfcWall,1ja2Pmn4b03gmyIPK0nEEN,1ja2Pmn4b03gmyIPK0nEEN,1345522,1345522,Corretto,1
Muro di base - AR_MUR_DIV_200mm_MI.01,IfcWall,1ja2Pmn4b03gmyIPK0nEpa,1ja2Pmn4b03gmyIPK0nEpa,1345665,1345665,Corretto,1
Muro di base - AR_MUR_DIV_200mm_MI.01,IfcWall,1ja2Pmn4b03gmyIPK0nEx4,1ja2Pmn4b03gmyIPK0nEx4,1346209,1346209,Corretto,1
Muro di base - AR_MUR_DIV_200mm_MI.01,IfcWall,1ja2Pmn4b03gmyIPK0nEx7,1ja2Pmn4b03gmyIPK0nEx7,1346210,1346210,Corretto,1
Muro di base - AR_MUR_RIV_20mm_R.08,IfcWall,1ja2Pmn4b03gmyIPK0nEx6,1ja2Pmn4b03gmyIPK0nEx6,1346211,1346211,Corretto,1
Muro di base - AR_MUR_DIV_200mm_MI.01,IfcWall,1ja2Pmn4b03gmyIPK0nEbT,1ja2Pmn4b03gmyIPK0nEbT,1346872,1346872,Corretto,1
Muro di base - AR_MUR_RIV_20mm_R.08,IfcWall,1ja2Pmn4b03gmyIPK0nEfM,1ja2Pmn4b03gmyIPK0nEfM,1347123,1347123,Corretto,1
Muro di base - AR_MUR_RIV_20mm_R.08,IfcWall,1ja2Pmn4b03gmyIPK0nEfH,1ja2Pmn4b03gmyIPK0nEfH,1347124,1347124,Corretto,1
Muro di base - AR_MUR_RIV_20mm_R.08,IfcWall,1ja2Pmn4b03gmyIPK0nEfG,1ja2Pmn4b03gmyIPK0nEfG,1347125,1347125,Corretto,1
Muro di base - AR_MUR_DIV_200mm_MI.01,IfcWall,1ja2Pmn4b03gmyIPK0nEeY,1ja2Pmn4b03gmyIPK0nEeY,1347143,1347143,Corretto,1
Muro di base - AR_MUR_RIV_20mm_R.08,IfcWall,0f$RJNoZjBceNKf5QhW8gN,0f$RJNoZjBceNKf5QhW8gN,1348674,1348674,Corretto,1
Muro di base - AR_MUR_RIV_20mm_R.08,IfcWall,0f$RJNoZjBceNKf5QhW8fR,0f$RJNoZjBceNKf5QhW8fR,1348750,1348750,Corretto,1
Muro di base - AR_MUR_RIV_20mm_R.08,IfcWall,0f$RJNoZjBceNKf5QhW8fg,0f$RJNoZjBceNKf5QhW8fg,1348799,1348799,Corretto,1
Muro di base - AR_MUR_RIV_20mm_R.08,IfcWall,0f$RJNoZjBceNKf5QhW8kA,0f$RJNoZjBceNKf5QhW8kA,1348959,1348959,Corretto,1
Muro di base - AR_MUR_RIV_20mm_R.08,IfcWall,0f$RJNoZjBceNKf5QhW8ig,0f$RJNoZjBceNKf5QhW8ig,1349119,1349119,Corretto,1
Muro di base - AR_MUR_RIV_20mm_R.08,IfcWall,0f$RJNoZjBceNKf5QhW8ZL,0f$RJNoZjBceNKf5QhW8ZL,1349120,1349120,Corretto,1
Muro di base - AR_MUR_RIV_20mm_R.08,IfcWall,0f$RJNoZjBceNKf5QhW8ZK,0f$RJNoZjBceNKf5QhW8ZK,1349121,1349121,Corretto,1
Muro di base - AR_MUR_RIV_20mm_R.08,IfcWall,0f$RJNoZjBceNKf5QhW8ZN,0f$RJNoZjBceNKf5QhW8ZN,1349122,1349122,Corretto,1
Muro di base - AR_MUR_RIV_20mm_R.08,IfcWall,0f$RJNoZjBceNKf5QhW8ci,0f$RJNoZjBceNKf5QhW8ci,1349497,1349497,Corretto,1
Muro di base - AR_MUR_RIV_20mm_R.08,IfcWall,0f$RJNoZjBceNKf5QhW8aq,0f$RJNoZjBceNKf5QhW8aq,1349601,1349601,Corretto,1
Muro di base - AR_MUR_RIV_20mm_R.08,IfcWall,0f$RJNoZjBceNKf5QhW8Rq,0f$RJNoZjBceNKf5QhW8Rq,1349665,1349665,Corretto,1
Muro di base - AR_MUR_RIV_20mm_R.08,IfcWall,0f$RJNoZjBceNKf5QhW8P7,0f$RJNoZjBceNKf5QhW8P7,1349778,1349778,Corretto,1
Muro di base - AR_MUR_RIV_20mm_R.08,IfcWall,0f$RJNoZjBceNKf5QhW8OT,0f$RJNoZjBceNKf5QhW8OT,1349832,1349832,Corretto,1
Muro di base - AR_MUR_RIV_20mm_R.08,IfcWall,0f$RJNoZjBceNKf5QhW8VI,0f$RJNoZjBceNKf5QhW8VI,1349895,1349895,Corretto,1
Muro di base - AR_MUR_RIV_20mm_R.08,IfcWall,0f$RJNoZjBceNKf5QhW8T1,0f$RJNoZjBceNKf5QhW8T1,1350036,1350036,Corretto,1
Muro di base - AR_MUR_RIV_20mm_R.08,IfcWall,0f$RJNoZjBceNKf5QhW8T0,0f$RJNoZjBceNKf5QhW8T0,1350037,1350037,Corretto,1
Muro di base - AR_MUR_RIV_20mm_R.08,IfcWall,0f$RJNoZjBceNKf5QhW8T3,0f$RJNoZjBceNKf5QhW8T3,1350038,1350038,Corretto,1
Muro di base - AR_MUR_RIV_20mm_R.08,IfcWall,0f$RJNoZjBceNKf5QhW8T2,0f$RJNoZjBceNKf5QhW8T2,1350039,1350039,Corretto,1
Muro di base - AR_MUR_RIV_20mm_R.08,IfcWall,0f$RJNoZjBceNKf5QhW8TD,0f$RJNoZjBceNKf5QhW8TD,1350040,1350040,Corretto,1
Muro di base - AR_MUR_RIV_20mm_R.08,IfcWall,0f$RJNoZjBceNKf5QhW8TC,0f$RJNoZjBceNKf5QhW8TC,1350041,1350041,Corretto,1
Muro di base - AR_MUR_DIV_200mm_MI.01,IfcWall,3XnxUBctr4cgbMXUU6YuL3,3XnxUBctr4cgbMXUU6YuL3,1350596,1350596,Corretto,1
Muro di base - AR_MUR_RIV_20mm_R.08,IfcWall,3XnxUBctr4cgbMXUU6Yu89,3XnxUBctr4cgbMXUU6Yu89,1350798,1350798,Corretto,1
Muro di base - AR_MUR_DIV_200mm_MI.01,IfcWall,3XnxUBctr4cgbMXUU6YuE6,3XnxUBctr4cgbMXUU6YuE6,1350913,1350913,Corretto,1
Muro di base - AR_MUR_RIV_20mm_R.08,IfcWall,3XnxUBctr4cgbMXUU6YuFB,3XnxUBctr4cgbMXUU6YuFB,1350988,1350988,Corretto,1
Muro di base - AR_MUR_RIV_20mm_R.08,IfcWall,3bWp4$LF53tuRYJQtZWtek,3bWp4$LF53tuRYJQtZWtek,1355558,1355558,Corretto,1
Muro di base - AR_MUR_RIV_20mm_R.08,IfcWall,3bWp4$LF53tuRYJQtZWtg1,3bWp4$LF53tuRYJQtZWtg1,1355657,1355657,Corretto,1
Muro di base - AR_MUR_RIV_20mm_R.08,IfcWall,3bWp4$LF53tuRYJQtZWtgy,3bWp4$LF53tuRYJQtZWtgy,1355700,1355700,Corretto,1
Muro di base - AR_MUR_RIV_20mm_R.08,IfcWall,3bWp4$LF53tuRYJQtZWtho,3bWp4$LF53tuRYJQtZWtho,1355770,1355770,Corretto,1
Muro di base - AR_MUR_RIV_20mm_R.08,IfcWall,3bWp4$LF53tuRYJQtZWsJP,3bWp4$LF53tuRYJQtZWsJP,1356241,1356241,Corretto,1
Muro di base - AR_MUR_RIV_20mm_R.08,IfcWall,3bWp4$LF53tuRYJQtZWsSY,3bWp4$LF53tuRYJQtZWsSY,1356330,1356330,Corretto,1
Muro di base - AR_MUR_RIV_20mm_R.08,IfcWall,3bWp4$LF53tuRYJQtZWsTo,3bWp4$LF53tuRYJQtZWsTo,1356410,1356410,Corretto,1
Muro di base - AR_MUR_RIV_20mm_R.08,IfcWall,3bWp4$LF53tuRYJQtZWsVY,3bWp4$LF53tuRYJQtZWsVY,1356522,1356522,Corretto,1
Muro di base - AR_MUR_RIV_20mm_R.08,IfcWall,3bWp4$LF53tuRYJQtZWsOR,3bWp4$LF53tuRYJQtZWsOR,1356563,1356563,Corretto,1
Muro di base - AR_MUR_RIV_20mm_R.08,IfcWall,3bWp4$LF53tuRYJQtZWsQL,3bWp4$LF53tuRYJQtZWsQL,1356701,1356701,Corretto,1
Muro di base - AR_MUR_RIV_20mm_R.08,IfcWall,3bWp4$LF53tuRYJQtZWs4p,3bWp4$LF53tuRYJQtZWs4p,1356859,1356859,Corretto,1
Muro di base - AR_MUR_RIV_20mm_R.08,IfcWall,3bWp4$LF53tuRYJQtZWs4q,3bWp4$LF53tuRYJQtZWs4q,1356860,1356860,Corretto,1
Muro di base - AR_MUR_RIV_20mm_R.08,IfcWall,3bWp4$LF53tuRYJQtZWs4r,3bWp4$LF53tuRYJQtZWs4r,1356861,1356861,Corretto,1
Muro di base - AR_MUR_RIV_20mm_R.08,IfcWall,3bWp4$LF53tuRYJQtZWs4s,3bWp4$LF53tuRYJQtZWs4s,1356862,1356862,Corretto,1
Muro di base - AR_MUR_RIV_20mm_R.08,IfcWall,3bWp4$LF53tuRYJQtZWs5r,3bWp4$LF53tuRYJQtZWs5r,1356925,1356925,Corretto,1
Muro di base - AR_MUR_RIV_20mm_R.08,IfcWall,3bWp4$LF53tuRYJQtZWs2h,3bWp4$LF53tuRYJQtZWs2h,1357219,1357219,Corretto,1
Muro di base - AR_MUR_RIV_20mm_R.08,IfcWall,3bWp4$LF53tuRYJQtZWsDI,3bWp4$LF53tuRYJQtZWsDI,1357402,1357402,Corretto,1
Muro di base - AR_MUR_RIV_20mm_R.08,IfcWall,3bWp4$LF53tuRYJQtZWsDJ,3bWp4$LF53tuRYJQtZWsDJ,1357403,1357403,Corretto,1
Muro di base - AR_MUR_RIV_20mm_R.08,IfcWall,3bWp4$LF53tuRYJQtZWsDK,3bWp4$LF53tuRYJQtZWsDK,1357404,1357404,Corretto,1
Muro di base - AR_MUR_DIV_200mm_MI.01,IfcWall,3bWp4$LF53tuRYJQtZWsw2,3bWp4$LF53tuRYJQtZWsw2,1358730,1358730,Corretto,1
Muro di base - AR_MUR_DIV_200mm_MI.01,IfcWall,3bWp4$LF53tuRYJQtZWsx3,3bWp4$LF53tuRYJQtZWsx3,1358795,1358795,Corretto,1
Muro di base - AR_MUR_RIV_20mm_R.08,IfcWall,3bWp4$LF53tuRYJQtZWsYj,3bWp4$LF53tuRYJQtZWsYj,1359269,1359269,Corretto,1
Muro di base - AR_MUR_RIV_20mm_R.08,IfcWall,3bWp4$LF53tuRYJQtZWsf2,3bWp4$LF53tuRYJQtZWsf2,1359690,1359690,Corretto,1
Muro di base - AR_MUR_RIV_20mm_R.08,IfcWall,3bWp4$LF53tuRYJQtZWshD,3bWp4$LF53tuRYJQtZWshD,1359813,1359813,Corretto,1
Muro di base - AR_MUR_DIV_200mm_MI.01,IfcWall,35wVHO19vAhvHwCs0Yf_ug,35wVHO19vAhvHwCs0Yf_ug,1361066,1361066,Corretto,1
Muro di base - AR_MUR_DIV_200mm_MI.01,IfcWall,35wVHO19vAhvHwCs0Yf_vp,35wVHO19vAhvHwCs0Yf_vp,1361139,1361139,Corretto,1
Muro di base - AR_MUR_RIV_20mm_R.08,IfcWall,35wVHO19vAhvHwCs0Yf_$7,35wVHO19vAhvHwCs0Yf_$7,1361223,1361223,Corretto,1
Muro di base - AR_MUR_RIV_20mm_R.08,IfcWall,35wVHO19vAhvHwCs0Yf_yJ,35wVHO19vAhvHwCs0Yf_yJ,1361299,1361299,Corretto,1
Muro di base - AR_MUR_RIV_20mm_R.08,IfcWall,35wVHO19vAhvHwCs0Yf_yw,35wVHO19vAhvHwCs0Yf_yw,1361338,1361338,Corretto,1
Muro di base - AR_MUR_RIV_20mm_R.08,IfcWall,35wVHO19vAhvHwCs0Yf_oe,35wVHO19vAhvHwCs0Yf_oe,1361448,1361448,Corretto,1
Muro di base - AR_MUR_RIV_20mm_R.08,IfcWall,35wVHO19vAhvHwCs0Yf_sC,35wVHO19vAhvHwCs0Yf_sC,1361676,1361676,Corretto,1
Muro di base - AR_MUR_RIV_20mm_R.08,IfcWall,35wVHO19vAhvHwCs0Yf_q4,35wVHO19vAhvHwCs0Yf_q4,1361796,1361796,Corretto,1
Muro di base - AR_MUR_RIV_20mm_R.08,IfcWall,35wVHO19vAhvHwCs0Yf_r4,35wVHO19vAhvHwCs0Yf_r4,1361860,1361860,Corretto,1
Muro di base - AR_MUR_RIV_20mm_R.08,IfcWall,35wVHO19vAhvHwCs0Yf_AX,35wVHO19vAhvHwCs0Yf_AX,1361953,1361953,Corretto,1
Muro di base - AR_MUR_RIV_20mm_R.08,IfcWall,35wVHO19vAhvHwCs0Yf_9T,35wVHO19vAhvHwCs0Yf_9T,1362141,1362141,Corretto,1
Muro di base - AR_MUR_RIV_20mm_R.08,IfcWall,35wVHO19vAhvHwCs0Yf_9x,35wVHO19vAhvHwCs0Yf_9x,1362171,1362171,Corretto,1
Muro di base - AR_MUR_RIV_20mm_R.08,IfcWall,35wVHO19vAhvHwCs0Yf_Fy,35wVHO19vAhvHwCs0Yf_Fy,1362300,1362300,Corretto,1
Muro di base - AR_MUR_RIV_20mm_R.08,IfcWall,35wVHO19vAhvHwCs0Yf_Il,35wVHO19vAhvHwCs0Yf_Il,1363503,1363503,Corretto,1
Muro di base - AR_MUR_RIV_20mm_R.08,IfcWall,35wVHO19vAhvHwCs0Yf_Jg,35wVHO19vAhvHwCs0Yf_Jg,1363562,1363562,Corretto,1
Muro di base - AR_MUR_RIV_20mm_R.08,IfcWall,35wVHO19vAhvHwCs0Yf_G7,35wVHO19vAhvHwCs0Yf_G7,1363591,1363591,Corretto,1
Muro di base - AR_MUR_RIV_20mm_R.08,IfcWall,35wVHO19vAhvHwCs0Yf_HQ,35wVHO19vAhvHwCs0Yf_HQ,1363674,1363674,Corretto,1
Muro di base - AR_MUR_RIV_20mm_R.08,IfcWall,35wVHO19vAhvHwCs0Yf_Mb,35wVHO19vAhvHwCs0Yf_Mb,1363749,1363749,Corretto,1
Muro di base - AR_MUR_RIV_20mm_R.08,IfcWall,35wVHO19vAhvHwCs0Yf_NS,35wVHO19vAhvHwCs0Yf_NS,1363804,1363804,Corretto,1
Muro di base - AR_MUR_RIV_20mm_R.08,IfcWall,35wVHO19vAhvHwCs0Yf_N$,35wVHO19vAhvHwCs0Yf_N$,1363839,1363839,Corretto,1
Muro di base - AR_MUR_RIV_20mm_R.08,IfcWall,35wVHO19vAhvHwCs0Yf_Kt,35wVHO19vAhvHwCs0Yf_Kt,1363895,1363895,Corretto,1
Muro di base - AR_MUR_RIV_20mm_R.08,IfcWall,35wVHO19vAhvHwCs0Yf_LV,35wVHO19vAhvHwCs0Yf_LV,1363935,1363935,Corretto,1
Muro di base - AR_MUR_RIV_20mm_R.08,IfcWall,35wVHO19vAhvHwCs0Yf$ge,35wVHO19vAhvHwCs0Yf$ge,1364008,1364008,Corretto,1
Muro di base - AR_CON_CPA_67mm_CI.09,IfcWall,15XS98Hmv9Lx5dPATyu7oD,15XS98Hmv9Lx5dPATyu7oD,1367867,1367867,Corretto,1
Muro di base - AR_CON_CPA_67mm_CI.09,IfcWall,2uWfR$mdr8HRRdDZ5G7WFF,2uWfR$mdr8HRRdDZ5G7WFF,1368572,1368572,Corretto,1
Muro di base - AR_CON_CPA_67mm_CI.09,IfcWall,2uWfR$mdr8HRRdDZ5G7WSX,2uWfR$mdr8HRRdDZ5G7WSX,1369362,1369362,Corretto,1
Muro di base - AR_MUR_DIV_200mm_MI.01,IfcWall,0d_OrCna5EEw8xwgL5sfjW,0d_OrCna5EEw8xwgL5sfjW,1405321,1405321,Corretto,1
Muro di base - AR_MUR_RIV_20mm_R.08,IfcWall,0d_OrCna5EEw8xwgL5sfj0,0d_OrCna5EEw8xwgL5sfj0,1405353,1405353,Corretto,1
Muro di base - AR_MUR_RIV_20mm_R.08,IfcWall,0d_OrCna5EEw8xwgL5sfjT,0d_OrCna5EEw8xwgL5sfjT,1405364,1405364,Corretto,1
Muro di base - AR_MUR_RIV_20mm_R.08,IfcWall,0d_OrCna5EEw8xwgL5sfit,0d_OrCna5EEw8xwgL5sfit,1405406,1405406,Corretto,1
Muro di base - AR_MUR_RIV_20mm_R.08,IfcWall,0d_OrCna5EEw8xwgL5sfZa,0d_OrCna5EEw8xwgL5sfZa,1405453,1405453,Corretto,1
Muro di base - AR_MUR_DIV_200mm_MI.01,IfcWall,0d_OrCna5EEw8xwgL5sfZI,0d_OrCna5EEw8xwgL5sfZI,1405499,1405499,Corretto,1
Muro di base - AR_MUR_RIV_20mm_R.08,IfcWall,0d_OrCna5EEw8xwgL5sfY$,0d_OrCna5EEw8xwgL5sfY$,1405526,1405526,Corretto,1
Muro di base - AR_MUR_RIV_20mm_R.08,IfcWall,0d_OrCna5EEw8xwgL5sfYU,0d_OrCna5EEw8xwgL5sfYU,1405559,1405559,Corretto,1
Muro di base - AR_MUR_RIV_20mm_R.08,IfcWall,0d_OrCna5EEw8xwgL5sfWh,0d_OrCna5EEw8xwgL5sfWh,1405634,1405634,Corretto,1
Muro di base - AR_MUR_RIV_20mm_R.08,IfcWall,0d_OrCna5EEw8xwgL5sfHx,0d_OrCna5EEw8xwgL5sfHx,1408658,1408658,Corretto,1
Muro di base - AR_MUR_DIV_200mm_MI.01,IfcWall,0d_OrCna5EEw8xwgL5sfNh,0d_OrCna5EEw8xwgL5sfNh,1408770,1408770,Corretto,1
Muro di base - AR_MUR_RIV_20mm_R.08,IfcWall,0d_OrCna5EEw8xwgL5sfMd,0d_OrCna5EEw8xwgL5sfMd,1408846,1408846,Corretto,1
Muro di base - AR_MUR_RIV_20mm_R.08,IfcWall,0d_OrCna5EEw8xwgL5sfM6,0d_OrCna5EEw8xwgL5sfM6,1408879,1408879,Corretto,1
Muro di base - AR_MUR_RIV_20mm_R.08,IfcWall,0d_OrCna5EEw8xwgL5sfLe,0d_OrCna5EEw8xwgL5sfLe,1408897,1408897,Corretto,1
Muro di base - AR_MUR_RIV_20mm_R.08,IfcWall,0d_OrCna5EEw8xwgL5sfLG,0d_OrCna5EEw8xwgL5sfLG,1408953,1408953,Corretto,1
Muro di base - AR_MUR_DIV_200mm_MI.01,IfcWall,0d_OrCna5EEw8xwgL5sfLJ,0d_OrCna5EEw8xwgL5sfLJ,1408954,1408954,Corretto,1
Muro di base - AR_MUR_RIV_20mm_R.08,IfcWall,0d_OrCna5EEw8xwgL5sfLI,0d_OrCna5EEw8xwgL5sfLI,1408955,1408955,Corretto,1
Muro di base - AR_MUR_RIV_20mm_R.08,IfcWall,0d_OrCna5EEw8xwgL5sfKT,0d_OrCna5EEw8xwgL5sfKT,1409012,1409012,Corretto,1
Muro di base - AR_MUR_RIV_20mm_R.08,IfcWall,0d_OrCna5EEw8xwgL5sce2,0d_OrCna5EEw8xwgL5sce2,1409259,1409259,Corretto,1
Muro di base - AR_MUR_DIV_200mm_MI.01,IfcWall,0d_OrCna5EEw8xwgL5scl3,0d_OrCna5EEw8xwgL5scl3,1409322,1409322,Corretto,1
Muro di base - AR_MUR_RIV_20mm_R.08,IfcWall,0d_OrCna5EEw8xwgL5sckl,0d_OrCna5EEw8xwgL5sckl,1409350,1409350,Corretto,1
Muro di base - AR_MUR_RIV_20mm_R.08,IfcWall,0d_OrCna5EEw8xwgL5sckA,0d_OrCna5EEw8xwgL5sckA,1409379,1409379,Corretto,1
Muro di base - AR_MUR_RIV_20mm_R.08,IfcWall,0d_OrCna5EEw8xwgL5scjg,0d_OrCna5EEw8xwgL5scjg,1409411,1409411,Corretto,1
Muro di base - AR_MUR_RIV_20mm_R.08,IfcWall,0d_OrCna5EEw8xwgL5scZk,0d_OrCna5EEw8xwgL5scZk,1409543,1409543,Corretto,1
Muro di base - AR_MUR_DIV_200mm_MI.01,IfcWall,0d_OrCna5EEw8xwgL5scZX,0d_OrCna5EEw8xwgL5scZX,1409544,1409544,Corretto,1
Muro di base - AR_MUR_RIV_20mm_R.08,IfcWall,0d_OrCna5EEw8xwgL5scZW,0d_OrCna5EEw8xwgL5scZW,1409545,1409545,Corretto,1
Muro di base - AR_MUR_RIV_20mm_R.08,IfcWall,0d_OrCna5EEw8xwgL5scYg,0d_OrCna5EEw8xwgL5scYg,1409603,1409603,Corretto,1